java.lang.Thread.run;java.util.concurrent.ThreadPoolExecutor$Worker.run;java.util.concurrent.ThreadPoolExecutor.runWorker;java.util.concurrent.FutureTask.run;java.util.concurrent.Executors$RunnableAdapter.call;java.util.concurrent.FutureTask.run;org.openjdk.jmh.runner.BenchmarkHandler$BenchmarkTask.call;org.openjdk.jmh.runner.BenchmarkHandler$BenchmarkTask.call;java.lang.reflect.Method.invoke;jdk.internal.reflect.DelegatingMethodAccessorImpl.invoke;jdk.internal.reflect.NativeMethodAccessorImpl.invoke;jdk.internal.reflect.NativeMethodAccessorImpl.invoke0;com.tfg.jsonbench.jackson.jmh_generated.JacksonBenchmark_deserializar_jmhTest.deserializar_AverageTime;com.tfg.jsonbench.jackson.jmh_generated.JacksonBenchmark_deserializar_jmhTest.deserializar_avgt_jmhStub;com.tfg.jsonbench.jackson.JacksonBenchmark.deserializar;com.fasterxml.jackson.databind.ObjectMapper.readValue;com.fasterxml.jackson.databind.ObjectMapper.readValue;com.fasterxml.jackson.databind.ObjectMapper._readMapAndClose;com.fasterxml.jackson.databind.deser.DefaultDeserializationContext.readRootValue;com.fasterxml.jackson.databind.deser.BeanDeserializer.deserialize;com.fasterxml.jackson.databind.deser.BeanDeserializer.vanillaDeserialize;com.fasterxml.jackson.databind.deser.impl.FieldProperty.deserializeAndSet;com.fasterxml.jackson.databind.deser.std.StringDeserializer.deserialize;com.fasterxml.jackson.databind.deser.std.StringDeserializer.deserialize,62.6623
java.lang.Thread.run;java.util.concurrent.ThreadPoolExecutor$Worker.run;java.util.concurrent.ThreadPoolExecutor.runWorker;java.util.concurrent.FutureTask.run;java.util.concurrent.Executors$RunnableAdapter.call;java.util.concurrent.FutureTask.run;org.openjdk.jmh.runner.BenchmarkHandler$BenchmarkTask.call;org.openjdk.jmh.runner.BenchmarkHandler$BenchmarkTask.call;java.lang.reflect.Method.invoke;jdk.internal.reflect.DelegatingMethodAccessorImpl.invoke;jdk.internal.reflect.NativeMethodAccessorImpl.invoke;jdk.internal.reflect.NativeMethodAccessorImpl.invoke0;com.tfg.jsonbench.jackson.jmh_generated.JacksonBenchmark_deserializar_jmhTest.deserializar_AverageTime;com.tfg.jsonbench.jackson.jmh_generated.JacksonBenchmark_deserializar_jmhTest.deserializar_avgt_jmhStub;com.tfg.jsonbench.jackson.JacksonBenchmark.deserializar;com.fasterxml.jackson.databind.ObjectMapper.readValue;com.fasterxml.jackson.databind.type.TypeFactory.constructType;com.fasterxml.jackson.databind.type.TypeFactory._fromAny;com.fasterxml.jackson.databind.type.TypeFactory._fromClass;com.fasterxml.jackson.databind.util.LRUMap.get;com.fasterxml.jackson.databind.util.internal.PrivateMaxEntriesMap.get;com.fasterxml.jackson.databind.util.internal.PrivateMaxEntriesMap.afterRead;com.fasterxml.jackson.databind.util.internal.PrivateMaxEntriesMap.drainOnReadIfNeeded;com.fasterxml.jackson.databind.util.internal.PrivateMaxEntriesMap.tryToDrainBuffers;com.fasterxml.jackson.databind.util.internal.PrivateMaxEntriesMap.drainBuffers;com.fasterxml.jackson.databind.util.internal.PrivateMaxEntriesMap.drainReadBuffers,13.0083
java.lang.Thread.run;java.util.concurrent.ThreadPoolExecutor$Worker.run;java.util.concurrent.ThreadPoolExecutor.runWorker;java.util.concurrent.FutureTask.run;java.util.concurrent.Executors$RunnableAdapter.call;java.util.concurrent.FutureTask.run;org.openjdk.jmh.runner.BenchmarkHandler$BenchmarkTask.call;org.openjdk.jmh.runner.BenchmarkHandler$BenchmarkTask.call;java.lang.reflect.Method.invoke;jdk.internal.reflect.DelegatingMethodAccessorImpl.invoke;jdk.internal.reflect.NativeMethodAccessorImpl.invoke;jdk.internal.reflect.NativeMethodAccessorImpl.invoke0;com.tfg.jsonbench.jackson.jmh_generated.JacksonBenchmark_deserializar_jmhTest.deserializar_AverageTime;com.tfg.jsonbench.jackson.jmh_generated.JacksonBenchmark_deserializar_jmhTest.deserializar_avgt_jmhStub;com.tfg.jsonbench.jackson.JacksonBenchmark.deserializar;com.fasterxml.jackson.databind.ObjectMapper.readValue;com.fasterxml.jackson.databind.ObjectMapper.readValue;com.fasterxml.jackson.databind.ObjectMapper._readMapAndClose;com.fasterxml.jackson.databind.deser.DefaultDeserializationContext.readRootValue;com.fasterxml.jackson.databind.deser.BeanDeserializer.deserialize;com.fasterxml.jackson.databind.deser.BeanDeserializer.vanillaDeserialize;com.fasterxml.jackson.databind.deser.impl.FieldProperty.deserializeAndSet;com.fasterxml.jackson.databind.deser.std.StringCollectionDeserializer.deserialize;com.fasterxml.jackson.databind.deser.std.StringCollectionDeserializer.deserialize;com.fasterxml.jackson.databind.deser.std.StringCollectionDeserializer.deserialize,11.7681
java.lang.Thread.run;java.util.concurrent.ThreadPoolExecutor$Worker.run;java.util.concurrent.ThreadPoolExecutor.runWorker;java.util.concurrent.FutureTask.run;java.util.concurrent.Executors$RunnableAdapter.call;java.util.concurrent.FutureTask.run;org.openjdk.jmh.runner.BenchmarkHandler$BenchmarkTask.call;org.openjdk.jmh.runner.BenchmarkHandler$BenchmarkTask.call;java.lang.reflect.Method.invoke;jdk.internal.reflect.DelegatingMethodAccessorImpl.invoke;jdk.internal.reflect.NativeMethodAccessorImpl.invoke;jdk.internal.reflect.NativeMethodAccessorImpl.invoke0;com.tfg.jsonbench.jackson.jmh_generated.JacksonBenchmark_deserializar_jmhTest.deserializar_AverageTime;com.tfg.jsonbench.jackson.jmh_generated.JacksonBenchmark_deserializar_jmhTest.deserializar_avgt_jmhStub;com.tfg.jsonbench.jackson.JacksonBenchmark.deserializar;com.fasterxml.jackson.databind.ObjectMapper.readValue;com.fasterxml.jackson.databind.ObjectMapper.readValue;com.fasterxml.jackson.databind.ObjectMapper._readMapAndClose;com.fasterxml.jackson.databind.deser.DefaultDeserializationContext.readRootValue;com.fasterxml.jackson.databind.deser.BeanDeserializer.deserialize;com.fasterxml.jackson.databind.deser.BeanDeserializer.vanillaDeserialize,64.9212
org.openjdk.jmh.runner.ForkedMain.main;org.openjdk.jmh.runner.link.BinaryLinkClient.handshake;org.openjdk.jmh.runner.link.BinaryLinkClient.readFrame;java.io.ObjectInputStream.readObject;java.io.ObjectInputStream.readObject;java.io.ObjectInputStream.readObject0;java.io.ObjectInputStream.readOrdinaryObject;java.io.ObjectInputStream.readSerialData;java.io.ObjectInputStream$FieldValues.<init>;java.io.ObjectInputStream.readObject0;java.io.ObjectInputStream.readOrdinaryObject;java.io.ObjectInputStream.readClassDesc;java.io.ObjectInputStream.readNonProxyDesc;java.io.ObjectStreamClass.initNonProxy;java.io.ObjectStreamClass.lookup;java.io.ClassCache.get;java.lang.ClassValue.get;java.lang.ClassValue.getFromBackup;java.lang.ClassValue.getFromHashMap;java.io.ClassCache$1.computeValue;java.io.ClassCache$1.computeValue;java.io.ObjectStreamClass$Caches$1.computeValue;java.io.ObjectStreamClass$Caches$1.computeValue;java.io.ObjectStreamClass.<init>;java.io.ObjectStreamClass.getReflector;java.io.ObjectStreamClass.matchFields;java.io.ObjectStreamField.<init>;java.lang.Class.isPrimitive,0.0989
java.lang.Thread.run;java.util.concurrent.ThreadPoolExecutor$Worker.run;java.util.concurrent.ThreadPoolExecutor.runWorker;java.util.concurrent.FutureTask.run;java.util.concurrent.Executors$RunnableAdapter.call;java.util.concurrent.FutureTask.run;org.openjdk.jmh.runner.BenchmarkHandler$BenchmarkTask.call;org.openjdk.jmh.runner.BenchmarkHandler$BenchmarkTask.call;java.lang.reflect.Method.invoke;jdk.internal.reflect.DelegatingMethodAccessorImpl.invoke;jdk.internal.reflect.NativeMethodAccessorImpl.invoke;jdk.internal.reflect.NativeMethodAccessorImpl.invoke0;com.tfg.jsonbench.jackson.jmh_generated.JacksonBenchmark_deserializar_jmhTest.deserializar_AverageTime;com.tfg.jsonbench.jackson.jmh_generated.JacksonBenchmark_deserializar_jmhTest._jmh_tryInit_f_jacksonbenchmark0_0;com.tfg.jsonbench.jackson.JacksonBenchmark.preparar;com.fasterxml.jackson.databind.ObjectMapper.<init>;com.fasterxml.jackson.databind.ObjectMapper.<init>;com.fasterxml.jackson.databind.deser.BeanDeserializerFactory.<clinit>;com.fasterxml.jackson.databind.cfg.DeserializerFactoryConfig.<clinit>;java.lang.ClassLoader.loadClass;jdk.internal.loader.ClassLoaders$AppClassLoader.loadClass;jdk.internal.loader.BuiltinClassLoader.loadClass;jdk.internal.loader.BuiltinClassLoader.loadClassOrNull;jdk.internal.loader.BuiltinClassLoader.findClassOnClassPathOrNull;jdk.internal.loader.BuiltinClassLoader.defineClass;java.security.SecureClassLoader.defineClass;java.lang.ClassLoader.defineClass;java.lang.ClassLoader.defineClass1,0.4797
java.lang.Thread.run;java.util.concurrent.ThreadPoolExecutor$Worker.run;java.util.concurrent.ThreadPoolExecutor.runWorker;java.util.concurrent.FutureTask.run;java.util.concurrent.Executors$RunnableAdapter.call;java.util.concurrent.FutureTask.run;org.openjdk.jmh.runner.BenchmarkHandler$BenchmarkTask.call;org.openjdk.jmh.runner.BenchmarkHandler$BenchmarkTask.call;java.lang.reflect.Method.invoke;jdk.internal.reflect.DelegatingMethodAccessorImpl.invoke;jdk.internal.reflect.NativeMethodAccessorImpl.invoke;jdk.internal.reflect.NativeMethodAccessorImpl.invoke0;com.tfg.jsonbench.jackson.jmh_generated.JacksonBenchmark_deserializar_jmhTest.deserializar_AverageTime;com.tfg.jsonbench.jackson.jmh_generated.JacksonBenchmark_deserializar_jmhTest.deserializar_avgt_jmhStub;com.tfg.jsonbench.jackson.JacksonBenchmark.deserializar;com.fasterxml.jackson.databind.ObjectMapper.readValue;com.fasterxml.jackson.databind.ObjectMapper.readValue;com.fasterxml.jackson.databind.ObjectMapper._readMapAndClose;com.fasterxml.jackson.databind.ObjectMapper._findRootDeserializer;com.fasterxml.jackson.databind.DeserializationContext.findRootValueDeserializer;com.fasterxml.jackson.databind.deser.BasicDeserializerFactory.findTypeDeserializer;com.fasterxml.jackson.databind.cfg.MapperConfig.introspectClassAnnotations;com.fasterxml.jackson.databind.cfg.MapperConfig.introspectClassAnnotations;com.fasterxml.jackson.databind.introspect.BasicClassIntrospector.forClassAnnotations;com.fasterxml.jackson.databind.introspect.BasicClassIntrospector.forClassAnnotations;com.fasterxml.jackson.databind.introspect.BasicClassIntrospector._resolveAnnotatedClass;com.fasterxml.jackson.databind.introspect.AnnotatedClassResolver.resolve;com.fasterxml.jackson.databind.introspect.AnnotatedClassResolver.resolveFully;java.util.ArrayList.<init>,0.4797
org.openjdk.jmh.runner.ForkedMain.main;org.openjdk.jmh.runner.link.BinaryLinkClient.<init>;java.lang.reflect.Proxy.newProxyInstance;java.lang.reflect.Proxy.getProxyConstructor;jdk.internal.loader.AbstractClassLoaderValue.computeIfAbsent;jdk.internal.loader.AbstractClassLoaderValue$Memoizer.get;java.lang.reflect.Proxy$$Lambda$74/0x00007341940756f8.apply;java.lang.reflect.Proxy.lambda$getProxyConstructor$0;java.lang.reflect.Proxy$ProxyBuilder.<init>;java.lang.reflect.Proxy$ProxyBuilder.<init>;java.lang.reflect.Proxy$ProxyBuilder.referencedTypes;java.lang.Class.getMethods;java.lang.Class.privateGetPublicMethods;java.lang.Class.privateGetDeclaredMethods;java.lang.Class.getDeclaredMethods0;java.lang.ClassLoader.loadClass;jdk.internal.loader.ClassLoaders$AppClassLoader.loadClass;jdk.internal.loader.BuiltinClassLoader.loadClass;jdk.internal.loader.BuiltinClassLoader.loadClassOrNull;jdk.internal.loader.BuiltinClassLoader.findClassOnClassPathOrNull;jdk.internal.loader.BuiltinClassLoader.defineClass;java.security.SecureClassLoader.defineClass;java.lang.ClassLoader.defineClass;java.lang.ClassLoader.defineClass1,0.0989
java.lang.Thread.run;java.util.concurrent.ThreadPoolExecutor$Worker.run;java.util.concurrent.ThreadPoolExecutor.runWorker;java.util.concurrent.FutureTask.run;java.util.concurrent.Executors$RunnableAdapter.call;java.util.concurrent.FutureTask.run;org.openjdk.jmh.runner.BenchmarkHandler$BenchmarkTask.call;org.openjdk.jmh.runner.BenchmarkHandler$BenchmarkTask.call;java.lang.reflect.Method.invoke;jdk.internal.reflect.DelegatingMethodAccessorImpl.invoke;jdk.internal.reflect.NativeMethodAccessorImpl.invoke;jdk.internal.reflect.NativeMethodAccessorImpl.invoke0;com.tfg.jsonbench.jackson.jmh_generated.JacksonBenchmark_deserializar_jmhTest.deserializar_AverageTime;com.tfg.jsonbench.jackson.jmh_generated.JacksonBenchmark_deserializar_jmhTest.deserializar_avgt_jmhStub;com.tfg.jsonbench.jackson.JacksonBenchmark.deserializar;com.fasterxml.jackson.databind.ObjectMapper.readValue;com.fasterxml.jackson.databind.type.TypeFactory.constructType;com.fasterxml.jackson.databind.type.TypeFactory._fromAny,14.3910
java.lang.Thread.run;java.util.concurrent.ThreadPoolExecutor$Worker.run;java.util.concurrent.ThreadPoolExecutor.runWorker;java.util.concurrent.FutureTask.run;java.util.concurrent.Executors$RunnableAdapter.call;java.util.concurrent.FutureTask.run;org.openjdk.jmh.runner.BenchmarkHandler$BenchmarkTask.call;org.openjdk.jmh.runner.BenchmarkHandler$BenchmarkTask.call;java.lang.reflect.Method.invoke;jdk.internal.reflect.DelegatingMethodAccessorImpl.invoke;jdk.internal.reflect.NativeMethodAccessorImpl.invoke;jdk.internal.reflect.NativeMethodAccessorImpl.invoke0;com.tfg.jsonbench.jackson.jmh_generated.JacksonBenchmark_deserializar_jmhTest.deserializar_AverageTime;com.tfg.jsonbench.jackson.jmh_generated.JacksonBenchmark_deserializar_jmhTest.deserializar_avgt_jmhStub;com.tfg.jsonbench.jackson.JacksonBenchmark.deserializar;com.fasterxml.jackson.databind.ObjectMapper.readValue;com.fasterxml.jackson.databind.ObjectMapper.readValue;com.fasterxml.jackson.databind.ObjectMapper._readMapAndClose;com.fasterxml.jackson.databind.deser.DefaultDeserializationContext.readRootValue;com.fasterxml.jackson.databind.deser.BeanDeserializer.deserialize;com.fasterxml.jackson.databind.deser.BeanDeserializer.vanillaDeserialize;com.fasterxml.jackson.databind.deser.impl.FieldProperty.deserializeAndSet;com.fasterxml.jackson.databind.deser.std.StringCollectionDeserializer.deserialize;com.fasterxml.jackson.databind.deser.std.StringCollectionDeserializer.deserialize;com.fasterxml.jackson.databind.deser.std.StringCollectionDeserializer.deserialize;java.util.ArrayList.add;java.util.ArrayList.add;java.util.ArrayList.grow;java.util.ArrayList.grow,0.3459
java.lang.Thread.run;java.util.concurrent.ThreadPoolExecutor$Worker.run;java.util.concurrent.ThreadPoolExecutor.runWorker;java.util.concurrent.FutureTask.run;java.util.concurrent.Executors$RunnableAdapter.call;java.util.concurrent.FutureTask.run;org.openjdk.jmh.runner.BenchmarkHandler$BenchmarkTask.call;org.openjdk.jmh.runner.BenchmarkHandler$BenchmarkTask.call;java.lang.reflect.Method.invoke;jdk.internal.reflect.DelegatingMethodAccessorImpl.invoke;jdk.internal.reflect.NativeMethodAccessorImpl.invoke;jdk.internal.reflect.NativeMethodAccessorImpl.invoke0;com.tfg.jsonbench.jackson.jmh_generated.JacksonBenchmark_deserializar_jmhTest.deserializar_AverageTime;com.tfg.jsonbench.jackson.jmh_generated.JacksonBenchmark_deserializar_jmhTest.deserializar_avgt_jmhStub;com.tfg.jsonbench.jackson.JacksonBenchmark.deserializar;com.fasterxml.jackson.databind.ObjectMapper.readValue;com.fasterxml.jackson.databind.ObjectMapper.readValue;com.fasterxml.jackson.databind.ObjectMapper._readMapAndClose;com.fasterxml.jackson.databind.deser.DefaultDeserializationContext.readRootValue;com.fasterxml.jackson.databind.deser.BeanDeserializer.deserialize;com.fasterxml.jackson.databind.deser.BeanDeserializer.vanillaDeserialize;com.fasterxml.jackson.core.json.ReaderBasedJsonParser.nextToken;com.fasterxml.jackson.core.json.ReaderBasedJsonParser._nextAfterName;com.fasterxml.jackson.core.base.ParserBase.createChildArrayContext,11.0459
java.lang.Thread.run;java.util.concurrent.ThreadPoolExecutor$Worker.run;java.util.concurrent.ThreadPoolExecutor.runWorker;java.util.concurrent.FutureTask.run;java.util.concurrent.Executors$RunnableAdapter.call;java.util.concurrent.FutureTask.run;org.openjdk.jmh.runner.BenchmarkHandler$BenchmarkTask.call;org.openjdk.jmh.runner.BenchmarkHandler$BenchmarkTask.call;java.lang.reflect.Method.invoke;jdk.internal.reflect.DelegatingMethodAccessorImpl.invoke;jdk.internal.reflect.NativeMethodAccessorImpl.invoke;jdk.internal.reflect.NativeMethodAccessorImpl.invoke0;com.tfg.jsonbench.jackson.jmh_generated.JacksonBenchmark_deserializar_jmhTest.deserializar_AverageTime;com.tfg.jsonbench.jackson.jmh_generated.JacksonBenchmark_deserializar_jmhTest.deserializar_avgt_jmhStub;com.tfg.jsonbench.jackson.JacksonBenchmark.deserializar;com.fasterxml.jackson.databind.ObjectMapper.readValue;com.fasterxml.jackson.databind.ObjectMapper.readValue;com.fasterxml.jackson.core.JsonFactory.createParser;com.fasterxml.jackson.core.JsonFactory._createContentReference;com.fasterxml.jackson.core.io.ContentReference.construct;com.fasterxml.jackson.core.io.ContentReference.<init>,0.4797
java.lang.Thread.run;java.util.concurrent.ThreadPoolExecutor$Worker.run;java.util.concurrent.ThreadPoolExecutor.runWorker;java.util.concurrent.FutureTask.run;java.util.concurrent.Executors$RunnableAdapter.call;java.util.concurrent.FutureTask.run;org.openjdk.jmh.runner.BenchmarkHandler$BenchmarkTask.call;org.openjdk.jmh.runner.BenchmarkHandler$BenchmarkTask.call;java.lang.reflect.Method.invoke;jdk.internal.reflect.DelegatingMethodAccessorImpl.invoke;jdk.internal.reflect.NativeMethodAccessorImpl.invoke;jdk.internal.reflect.NativeMethodAccessorImpl.invoke0;com.tfg.jsonbench.jackson.jmh_generated.JacksonBenchmark_deserializar_jmhTest.deserializar_AverageTime;com.tfg.jsonbench.jackson.jmh_generated.JacksonBenchmark_deserializar_jmhTest.deserializar_avgt_jmhStub;com.tfg.jsonbench.jackson.JacksonBenchmark.deserializar;com.fasterxml.jackson.databind.ObjectMapper.readValue;com.fasterxml.jackson.databind.ObjectMapper.readValue;com.fasterxml.jackson.databind.ObjectMapper._readMapAndClose;com.fasterxml.jackson.databind.ObjectMapper._initForReading;com.fasterxml.jackson.core.json.ReaderBasedJsonParser.nextToken,0.4797
org.openjdk.jmh.runner.ForkedMain.main;org.openjdk.jmh.runner.ForkedRunner.run;org.openjdk.jmh.runner.BaseRunner.runBenchmarksForked;org.openjdk.jmh.runner.BaseRunner.doSingle;org.openjdk.jmh.runner.BaseRunner.runBenchmark;org.openjdk.jmh.runner.BaseRunner.runBenchmark;org.openjdk.jmh.runner.BenchmarkHandler.runIteration;org.openjdk.jmh.runner.InfraControl.awaitWarmupReady;org.openjdk.jmh.runner.InfraControlL2.awaitWarmupReady;java.util.concurrent.CountDownLatch.await;java.util.concurrent.locks.AbstractQueuedSynchronizer.acquireSharedInterruptibly;java.util.concurrent.locks.AbstractQueuedSynchronizer.acquire;java.util.concurrent.locks.LockSupport.park;jdk.internal.misc.Unsafe.park,0.0017
java.lang.Thread.run;java.util.concurrent.ThreadPoolExecutor$Worker.run;java.util.concurrent.ThreadPoolExecutor.runWorker;java.util.concurrent.FutureTask.run;java.util.concurrent.Executors$RunnableAdapter.call;java.util.concurrent.FutureTask.run;org.openjdk.jmh.runner.BenchmarkHandler$BenchmarkTask.call;org.openjdk.jmh.runner.BenchmarkHandler$BenchmarkTask.call;java.lang.reflect.Method.invoke;jdk.internal.reflect.DelegatingMethodAccessorImpl.invoke;jdk.internal.reflect.NativeMethodAccessorImpl.invoke;jdk.internal.reflect.NativeMethodAccessorImpl.invoke0;com.tfg.jsonbench.jackson.jmh_generated.JacksonBenchmark_deserializar_jmhTest.deserializar_AverageTime;com.tfg.jsonbench.jackson.jmh_generated.JacksonBenchmark_deserializar_jmhTest.deserializar_avgt_jmhStub;com.tfg.jsonbench.jackson.JacksonBenchmark.deserializar;com.fasterxml.jackson.databind.ObjectMapper.readValue;com.fasterxml.jackson.databind.ObjectMapper.readValue;com.fasterxml.jackson.databind.ObjectMapper._readMapAndClose;com.fasterxml.jackson.databind.deser.DefaultDeserializationContext.readRootValue;com.fasterxml.jackson.databind.deser.BeanDeserializer.deserialize;com.fasterxml.jackson.databind.deser.BeanDeserializer.vanillaDeserialize;com.fasterxml.jackson.core.json.ReaderBasedJsonParser.nextFieldName;com.fasterxml.jackson.core.json.ReaderBasedJsonParser._parseName;com.fasterxml.jackson.core.sym.CharsToNameCanonicalizer.findSymbol,72.2374
java.lang.Thread.run;java.util.concurrent.ThreadPoolExecutor$Worker.run;java.util.concurrent.ThreadPoolExecutor.runWorker;java.util.concurrent.FutureTask.run;java.util.concurrent.Executors$RunnableAdapter.call;java.util.concurrent.FutureTask.run;org.openjdk.jmh.runner.BenchmarkHandler$BenchmarkTask.call;org.openjdk.jmh.runner.BenchmarkHandler$BenchmarkTask.call;java.lang.reflect.Method.invoke;jdk.internal.reflect.DelegatingMethodAccessorImpl.invoke;jdk.internal.reflect.NativeMethodAccessorImpl.invoke;jdk.internal.reflect.NativeMethodAccessorImpl.invoke0;com.tfg.jsonbench.jackson.jmh_generated.JacksonBenchmark_deserializar_jmhTest.deserializar_AverageTime;com.tfg.jsonbench.jackson.jmh_generated.JacksonBenchmark_deserializar_jmhTest.deserializar_avgt_jmhStub;com.tfg.jsonbench.jackson.JacksonBenchmark.deserializar;com.fasterxml.jackson.databind.ObjectMapper.readValue;com.fasterxml.jackson.databind.ObjectMapper.readValue;com.fasterxml.jackson.core.JsonFactory.createParser;com.fasterxml.jackson.core.JsonFactory._createContentReference;com.fasterxml.jackson.core.io.ContentReference.construct,0.7079
java.lang.Thread.run;java.util.concurrent.ThreadPoolExecutor$Worker.run;java.util.concurrent.ThreadPoolExecutor.runWorker;java.util.concurrent.FutureTask.run;java.util.concurrent.Executors$RunnableAdapter.call;java.util.concurrent.FutureTask.run;org.openjdk.jmh.runner.BenchmarkHandler$BenchmarkTask.call;org.openjdk.jmh.runner.BenchmarkHandler$BenchmarkTask.call;java.lang.reflect.Method.invoke;jdk.internal.reflect.DelegatingMethodAccessorImpl.invoke;jdk.internal.reflect.NativeMethodAccessorImpl.invoke;jdk.internal.reflect.NativeMethodAccessorImpl.invoke0;com.tfg.jsonbench.jackson.jmh_generated.JacksonBenchmark_deserializar_jmhTest.deserializar_AverageTime;com.tfg.jsonbench.jackson.jmh_generated.JacksonBenchmark_deserializar_jmhTest._jmh_tryInit_f_jacksonbenchmark0_0;com.tfg.jsonbench.jackson.JacksonBenchmark.preparar,0.4797
java.lang.Thread.run;java.util.concurrent.ThreadPoolExecutor$Worker.run;java.util.concurrent.ThreadPoolExecutor.runWorker;java.util.concurrent.FutureTask.run;java.util.concurrent.Executors$RunnableAdapter.call;java.util.concurrent.FutureTask.run;org.openjdk.jmh.runner.BenchmarkHandler$BenchmarkTask.call;org.openjdk.jmh.runner.BenchmarkHandler$BenchmarkTask.call;java.lang.reflect.Method.invoke;jdk.internal.reflect.DelegatingMethodAccessorImpl.invoke;jdk.internal.reflect.NativeMethodAccessorImpl.invoke;jdk.internal.reflect.NativeMethodAccessorImpl.invoke0;com.tfg.jsonbench.jackson.jmh_generated.JacksonBenchmark_deserializar_jmhTest.deserializar_AverageTime;com.tfg.jsonbench.jackson.jmh_generated.JacksonBenchmark_deserializar_jmhTest.deserializar_avgt_jmhStub;com.tfg.jsonbench.jackson.JacksonBenchmark.deserializar;com.fasterxml.jackson.databind.ObjectMapper.readValue;com.fasterxml.jackson.databind.ObjectMapper.readValue;com.fasterxml.jackson.databind.ObjectMapper._readMapAndClose;com.fasterxml.jackson.databind.deser.DefaultDeserializationContext.readRootValue;com.fasterxml.jackson.databind.deser.BeanDeserializer.deserialize;com.fasterxml.jackson.databind.deser.BeanDeserializer.vanillaDeserialize;com.fasterxml.jackson.databind.deser.impl.FieldProperty.deserializeAndSet;com.fasterxml.jackson.databind.deser.std.StringCollectionDeserializer.deserialize;com.fasterxml.jackson.databind.deser.std.StringCollectionDeserializer.deserialize;com.fasterxml.jackson.databind.deser.std.StringCollectionDeserializer.deserialize;com.fasterxml.jackson.core.json.ReaderBasedJsonParser.nextTextValue;com.fasterxml.jackson.core.json.ReaderBasedJsonParser.getText;com.fasterxml.jackson.core.util.TextBuffer.contentsAsString;java.lang.String.<init>,0.4797
java.lang.Thread.run;java.util.concurrent.ThreadPoolExecutor$Worker.run;java.util.concurrent.ThreadPoolExecutor.runWorker;java.util.concurrent.FutureTask.run;java.util.concurrent.Executors$RunnableAdapter.call;java.util.concurrent.FutureTask.run;org.openjdk.jmh.runner.BenchmarkHandler$BenchmarkTask.call;org.openjdk.jmh.runner.BenchmarkHandler$BenchmarkTask.call;java.lang.reflect.Method.invoke;jdk.internal.reflect.DelegatingMethodAccessorImpl.invoke;jdk.internal.reflect.NativeMethodAccessorImpl.invoke;jdk.internal.reflect.NativeMethodAccessorImpl.invoke0;com.tfg.jsonbench.jackson.jmh_generated.JacksonBenchmark_deserializar_jmhTest.deserializar_AverageTime;com.tfg.jsonbench.jackson.jmh_generated.JacksonBenchmark_deserializar_jmhTest._jmh_tryInit_f_jacksonbenchmark0_0;com.tfg.jsonbench.jackson.JacksonBenchmark.preparar;com.fasterxml.jackson.databind.ObjectMapper.<init>;com.fasterxml.jackson.databind.ObjectMapper.<init>;com.fasterxml.jackson.databind.cfg.ConfigOverrides.<init>;com.fasterxml.jackson.databind.introspect.VisibilityChecker$Std.<clinit>;java.lang.ClassLoader.loadClass;jdk.internal.loader.ClassLoaders$AppClassLoader.loadClass;jdk.internal.loader.BuiltinClassLoader.loadClass;jdk.internal.loader.BuiltinClassLoader.loadClassOrNull;jdk.internal.loader.BuiltinClassLoader.findClassOnClassPathOrNull;jdk.internal.loader.BuiltinClassLoader.defineClass;jdk.internal.loader.ClassLoaders$AppClassLoader.defineOrCheckPackage;jdk.internal.loader.BuiltinClassLoader.defineOrCheckPackage;jdk.internal.loader.BuiltinClassLoader.getAndVerifyPackage;jdk.internal.loader.BuiltinClassLoader.isSealed;java.lang.String.concat;java.lang.StringConcatHelper.simpleConcat;java.lang.StringConcatHelper.newArray;jdk.internal.misc.Unsafe.allocateUninitializedArray,0.4797
org.openjdk.jmh.runner.ForkedMain.main;org.openjdk.jmh.runner.link.BinaryLinkClient.handshake;org.openjdk.jmh.util.Utils.getPid;sun.management.RuntimeImpl.getName;sun.management.VMManagementImpl.getVmId;java.lang.invoke.MethodHandleNatives.linkCallSite;java.lang.invoke.MethodHandleNatives.linkCallSiteImpl;java.lang.invoke.CallSite.makeSite;java.lang.invoke.BootstrapMethodInvoker.invoke;java.lang.invoke.Invokers$Holder.invokeExact_MT;java.lang.invoke.DelegatingMethodHandle$Holder.delegate;java.lang.invoke.DirectMethodHandle$Holder.invokeStatic;java.lang.invoke.StringConcatFactory.makeConcatWithConstants;java.lang.invoke.StringConcatFactory.generateMHInlineCopy;java.lang.invoke.MethodHandles.dropArguments;java.lang.invoke.MethodHandles.dropArguments0;java.lang.invoke.BoundMethodHandle$Species_L.copyWith;java.lang.invoke.BoundMethodHandle$Species_L.<init>;java.lang.invoke.BoundMethodHandle.<init>;java.lang.invoke.MethodHandle.<init>;java.lang.invoke.LambdaForm.prepare;java.lang.invoke.LambdaForm.compileToBytecode;java.lang.invoke.InvokerBytecodeGenerator.generateCustomizedCode;java.lang.invoke.InvokerBytecodeGenerator.generateCustomizedCodeBytes;java.lang.invoke.InvokerBytecodeGenerator.toByteArray;jdk.internal.org.objectweb.asm.ClassWriter.toByteArray;jdk.internal.org.objectweb.asm.FieldWriter.putFieldInfo,0.0989
java.lang.Thread.run;java.util.concurrent.ThreadPoolExecutor$Worker.run;java.util.concurrent.ThreadPoolExecutor.runWorker;java.util.concurrent.FutureTask.run;java.util.concurrent.Executors$RunnableAdapter.call;java.util.concurrent.FutureTask.run;org.openjdk.jmh.runner.BenchmarkHandler$BenchmarkTask.call;org.openjdk.jmh.runner.BenchmarkHandler$BenchmarkTask.call;java.lang.reflect.Method.invoke;jdk.internal.reflect.DelegatingMethodAccessorImpl.invoke;jdk.internal.reflect.NativeMethodAccessorImpl.invoke;jdk.internal.reflect.NativeMethodAccessorImpl.invoke0;com.tfg.jsonbench.jackson.jmh_generated.JacksonBenchmark_deserializar_jmhTest.deserializar_AverageTime;com.tfg.jsonbench.jackson.jmh_generated.JacksonBenchmark_deserializar_jmhTest.deserializar_avgt_jmhStub;com.tfg.jsonbench.jackson.JacksonBenchmark.deserializar;com.fasterxml.jackson.databind.ObjectMapper.readValue;com.fasterxml.jackson.databind.ObjectMapper.readValue;com.fasterxml.jackson.databind.ObjectMapper._readMapAndClose;com.fasterxml.jackson.databind.ObjectMapper._findRootDeserializer;java.util.concurrent.ConcurrentHashMap.get,5.4391
java.lang.Thread.run;java.util.concurrent.ThreadPoolExecutor$Worker.run;java.util.concurrent.ThreadPoolExecutor.runWorker;java.util.concurrent.FutureTask.run;java.util.concurrent.Executors$RunnableAdapter.call;java.util.concurrent.FutureTask.run;org.openjdk.jmh.runner.BenchmarkHandler$BenchmarkTask.call;org.openjdk.jmh.runner.BenchmarkHandler$BenchmarkTask.call;java.lang.reflect.Method.invoke;jdk.internal.reflect.DelegatingMethodAccessorImpl.invoke;jdk.internal.reflect.NativeMethodAccessorImpl.invoke;jdk.internal.reflect.NativeMethodAccessorImpl.invoke0;com.tfg.jsonbench.jackson.jmh_generated.JacksonBenchmark_deserializar_jmhTest.deserializar_AverageTime;com.tfg.jsonbench.jackson.jmh_generated.JacksonBenchmark_deserializar_jmhTest.deserializar_avgt_jmhStub;com.tfg.jsonbench.jackson.JacksonBenchmark.deserializar;com.fasterxml.jackson.databind.ObjectMapper.readValue;com.fasterxml.jackson.databind.ObjectMapper.readValue;com.fasterxml.jackson.databind.ObjectMapper._readMapAndClose,0.4797
java.lang.Thread.run;java.util.concurrent.ThreadPoolExecutor$Worker.run;java.util.concurrent.ThreadPoolExecutor.runWorker;java.util.concurrent.FutureTask.run;java.util.concurrent.Executors$RunnableAdapter.call;java.util.concurrent.FutureTask.run;org.openjdk.jmh.runner.BenchmarkHandler$BenchmarkTask.call;org.openjdk.jmh.runner.BenchmarkHandler$BenchmarkTask.call;java.lang.reflect.Method.invoke;jdk.internal.reflect.DelegatingMethodAccessorImpl.invoke;jdk.internal.reflect.NativeMethodAccessorImpl.invoke;jdk.internal.reflect.NativeMethodAccessorImpl.invoke0;com.tfg.jsonbench.jackson.jmh_generated.JacksonBenchmark_deserializar_jmhTest.deserializar_AverageTime;com.tfg.jsonbench.jackson.jmh_generated.JacksonBenchmark_deserializar_jmhTest._jmh_tryInit_f_jacksonbenchmark0_0;com.tfg.jsonbench.jackson.JacksonBenchmark.preparar;com.fasterxml.jackson.databind.ObjectMapper.<clinit>;java.lang.ClassLoader.loadClass;jdk.internal.loader.ClassLoaders$AppClassLoader.loadClass;jdk.internal.loader.BuiltinClassLoader.loadClass;jdk.internal.loader.BuiltinClassLoader.loadClassOrNull;jdk.internal.loader.BuiltinClassLoader.findClassOnClassPathOrNull;jdk.internal.loader.BuiltinClassLoader.defineClass;java.security.SecureClassLoader.defineClass;java.lang.ClassLoader.defineClass;java.lang.ClassLoader.defineClass1,0.4797
java.lang.Thread.run;java.util.concurrent.ThreadPoolExecutor$Worker.run;java.util.concurrent.ThreadPoolExecutor.runWorker;java.util.concurrent.FutureTask.run;java.util.concurrent.Executors$RunnableAdapter.call;java.util.concurrent.FutureTask.run;org.openjdk.jmh.runner.BenchmarkHandler$BenchmarkTask.call;org.openjdk.jmh.runner.BenchmarkHandler$BenchmarkTask.call;java.lang.reflect.Method.invoke;jdk.internal.reflect.DelegatingMethodAccessorImpl.invoke;jdk.internal.reflect.NativeMethodAccessorImpl.invoke;jdk.internal.reflect.NativeMethodAccessorImpl.invoke0;com.tfg.jsonbench.jackson.jmh_generated.JacksonBenchmark_deserializar_jmhTest.deserializar_AverageTime;com.tfg.jsonbench.jackson.jmh_generated.JacksonBenchmark_deserializar_jmhTest._jmh_tryInit_f_jacksonbenchmark0_0;com.tfg.jsonbench.jackson.JacksonBenchmark.preparar;com.fasterxml.jackson.databind.ObjectMapper.writeValueAsString;com.fasterxml.jackson.databind.ObjectMapper._writeValueAndClose;com.fasterxml.jackson.databind.ser.DefaultSerializerProvider.serializeValue;com.fasterxml.jackson.databind.SerializerProvider.findTypedValueSerializer;com.fasterxml.jackson.databind.SerializerProvider.findValueSerializer;com.fasterxml.jackson.databind.SerializerProvider._createAndCacheUntypedSerializer;com.fasterxml.jackson.databind.SerializerProvider._createUntypedSerializer;com.fasterxml.jackson.databind.ser.BeanSerializerFactory.createSerializer;com.fasterxml.jackson.databind.ser.BeanSerializerFactory._createSerializer2;com.fasterxml.jackson.databind.ser.BeanSerializerFactory.findBeanOrAddOnSerializer;com.fasterxml.jackson.databind.ser.BeanSerializerFactory.constructBeanOrAddOnSerializer;com.fasterxml.jackson.databind.ser.BeanSerializerFactory.findBeanProperties;com.fasterxml.jackson.databind.ser.BeanSerializerFactory._constructWriter;com.fasterxml.jackson.databind.ser.PropertyBuilder.buildWriter;com.fasterxml.jackson.databind.ser.PropertyBuilder._constructPropertyWriter;com.fasterxml.jackson.databind.ser.BeanPropertyWriter.<init>;com.fasterxml.jackson.databind.ser.impl.PropertySerializerMap.emptyForProperties;java.lang.ClassLoader.loadClass;jdk.internal.loader.ClassLoaders$AppClassLoader.loadClass;jdk.internal.loader.BuiltinClassLoader.loadClass;jdk.internal.loader.BuiltinClassLoader.loadClassOrNull;jdk.internal.loader.BuiltinClassLoader.findClassOnClassPathOrNull;jdk.internal.loader.BuiltinClassLoader.defineClass;java.security.SecureClassLoader.defineClass;java.lang.ClassLoader.defineClass;java.lang.ClassLoader.defineClass1,0.4797
org.openjdk.jmh.runner.ForkedMain.main;org.openjdk.jmh.runner.ForkedRunner.run;org.openjdk.jmh.runner.BaseRunner.runBenchmarksForked;org.openjdk.jmh.runner.BaseRunner.doSingle;org.openjdk.jmh.runner.BaseRunner.runBenchmark;org.openjdk.jmh.runner.BaseRunner.runBenchmark;jdk.proxy1.$Proxy0.iteration;org.openjdk.jmh.runner.link.BinaryLinkClient$$Lambda$73/0x000073419400c3f8.invoke;org.openjdk.jmh.runner.link.BinaryLinkClient.lambda$new$0;org.openjdk.jmh.runner.link.BinaryLinkClient.pushFrame;java.io.ObjectOutputStream.writeObject;java.io.ObjectOutputStream.writeObject0;java.io.ObjectOutputStream.writeOrdinaryObject;java.io.ObjectOutputStream.writeSerialData;java.io.ObjectOutputStream.defaultWriteFields;java.io.ObjectOutputStream.writeObject0;java.io.ObjectOutputStream.writeArray;java.io.ObjectOutputStream.writeObject0;java.io.ObjectOutputStream.writeOrdinaryObject;java.io.ObjectOutputStream.writeSerialData;java.io.ObjectOutputStream.defaultWriteFields;java.io.ObjectOutputStream.writeObject0;java.io.ObjectOutputStream.writeOrdinaryObject;java.io.ObjectOutputStream.writeClassDesc;java.io.ObjectOutputStream.writeNonProxyDesc;java.io.ObjectOutputStream.writeClassDesc;java.io.ObjectOutputStream.writeNonProxyDesc;java.io.ObjectOutputStream.writeClassDesc;java.io.ObjectOutputStream.writeNonProxyDesc;java.io.ObjectOutputStream.writeClassDescriptor;java.io.ObjectStreamClass.writeNonProxy;java.io.ObjectOutputStream.writeUTF;java.io.ObjectOutputStream$BlockDataOutputStream.writeUTF;java.io.ObjectOutputStream$BlockDataOutputStream.getUTFLength,0.0989
java.lang.Thread.run;java.util.concurrent.ThreadPoolExecutor$Worker.run;java.util.concurrent.ThreadPoolExecutor.runWorker;java.util.concurrent.FutureTask.run;java.util.concurrent.Executors$RunnableAdapter.call;java.util.concurrent.FutureTask.run;org.openjdk.jmh.runner.BenchmarkHandler$BenchmarkTask.call;org.openjdk.jmh.runner.BenchmarkHandler$BenchmarkTask.call;java.lang.reflect.Method.invoke;jdk.internal.reflect.DelegatingMethodAccessorImpl.invoke;jdk.internal.reflect.NativeMethodAccessorImpl.invoke;jdk.internal.reflect.NativeMethodAccessorImpl.invoke0;com.tfg.jsonbench.jackson.jmh_generated.JacksonBenchmark_deserializar_jmhTest.deserializar_AverageTime;com.tfg.jsonbench.jackson.jmh_generated.JacksonBenchmark_deserializar_jmhTest.deserializar_avgt_jmhStub;com.tfg.jsonbench.jackson.JacksonBenchmark.deserializar;com.fasterxml.jackson.databind.ObjectMapper.readValue;com.fasterxml.jackson.databind.ObjectMapper.readValue;com.fasterxml.jackson.databind.ObjectMapper._readMapAndClose;com.fasterxml.jackson.databind.deser.DefaultDeserializationContext.readRootValue;com.fasterxml.jackson.databind.deser.BeanDeserializer.deserialize;com.fasterxml.jackson.databind.deser.BeanDeserializer.vanillaDeserialize;com.fasterxml.jackson.databind.deser.impl.FieldProperty.deserializeAndSet,11.3671
java.lang.Thread.run;java.util.concurrent.ThreadPoolExecutor$Worker.run;java.util.concurrent.ThreadPoolExecutor.runWorker;java.util.concurrent.FutureTask.run;java.util.concurrent.Executors$RunnableAdapter.call;java.util.concurrent.FutureTask.run;org.openjdk.jmh.runner.BenchmarkHandler$BenchmarkTask.call;org.openjdk.jmh.runner.BenchmarkHandler$BenchmarkTask.call;java.lang.reflect.Method.invoke;jdk.internal.reflect.DelegatingMethodAccessorImpl.invoke;jdk.internal.reflect.NativeMethodAccessorImpl.invoke;jdk.internal.reflect.NativeMethodAccessorImpl.invoke0;com.tfg.jsonbench.jackson.jmh_generated.JacksonBenchmark_deserializar_jmhTest.deserializar_AverageTime;com.tfg.jsonbench.jackson.jmh_generated.JacksonBenchmark_deserializar_jmhTest.deserializar_avgt_jmhStub;com.tfg.jsonbench.jackson.JacksonBenchmark.deserializar;com.fasterxml.jackson.databind.ObjectMapper.readValue;com.fasterxml.jackson.databind.ObjectMapper.readValue;com.fasterxml.jackson.databind.ObjectMapper._readMapAndClose;com.fasterxml.jackson.databind.ObjectMapper._initForReading,3.8066
java.lang.Thread.run;java.util.concurrent.ThreadPoolExecutor$Worker.run;java.util.concurrent.ThreadPoolExecutor.runWorker;java.util.concurrent.FutureTask.run;java.util.concurrent.Executors$RunnableAdapter.call;java.util.concurrent.FutureTask.run;org.openjdk.jmh.runner.BenchmarkHandler$BenchmarkTask.call;org.openjdk.jmh.runner.BenchmarkHandler$BenchmarkTask.call;java.lang.reflect.Method.invoke;jdk.internal.reflect.DelegatingMethodAccessorImpl.invoke;jdk.internal.reflect.NativeMethodAccessorImpl.invoke;jdk.internal.reflect.NativeMethodAccessorImpl.invoke0;com.tfg.jsonbench.jackson.jmh_generated.JacksonBenchmark_deserializar_jmhTest.deserializar_AverageTime;com.tfg.jsonbench.jackson.jmh_generated.JacksonBenchmark_deserializar_jmhTest.deserializar_avgt_jmhStub;com.tfg.jsonbench.jackson.JacksonBenchmark.deserializar;com.fasterxml.jackson.databind.ObjectMapper.readValue;com.fasterxml.jackson.databind.ObjectMapper.readValue;com.fasterxml.jackson.databind.ObjectMapper._readMapAndClose;com.fasterxml.jackson.databind.deser.DefaultDeserializationContext.readRootValue;com.fasterxml.jackson.databind.deser.BeanDeserializer.deserialize;com.fasterxml.jackson.databind.deser.BeanDeserializer.vanillaDeserialize;com.fasterxml.jackson.databind.deser.impl.FieldProperty.deserializeAndSet;com.fasterxml.jackson.databind.deser.std.StringCollectionDeserializer.deserialize;com.fasterxml.jackson.databind.deser.std.StringCollectionDeserializer.deserialize,1.7664
java.lang.Thread.run;java.util.concurrent.ThreadPoolExecutor$Worker.run;java.util.concurrent.ThreadPoolExecutor.runWorker;java.util.concurrent.FutureTask.run;java.util.concurrent.Executors$RunnableAdapter.call;java.util.concurrent.FutureTask.run;org.openjdk.jmh.runner.BenchmarkHandler$BenchmarkTask.call;org.openjdk.jmh.runner.BenchmarkHandler$BenchmarkTask.call;java.lang.reflect.Method.invoke;jdk.internal.reflect.DelegatingMethodAccessorImpl.invoke;jdk.internal.reflect.NativeMethodAccessorImpl.invoke;jdk.internal.reflect.NativeMethodAccessorImpl.invoke0;com.tfg.jsonbench.jackson.jmh_generated.JacksonBenchmark_deserializar_jmhTest.deserializar_AverageTime;com.tfg.jsonbench.jackson.jmh_generated.JacksonBenchmark_deserializar_jmhTest.deserializar_avgt_jmhStub;com.tfg.jsonbench.jackson.JacksonBenchmark.deserializar;com.fasterxml.jackson.databind.ObjectMapper.readValue;com.fasterxml.jackson.databind.ObjectMapper.readValue;com.fasterxml.jackson.core.JsonFactory.createParser;com.fasterxml.jackson.core.JsonFactory._createParser,0.7074
java.lang.ref.Reference$ReferenceHandler.run;java.lang.ref.Reference.processPendingReferences;java.lang.ref.Reference.waitForReferencePendingList,0.0176
org.openjdk.jmh.runner.ForkedMain.main;org.openjdk.jmh.runner.ForkedRunner.run;org.openjdk.jmh.runner.BaseRunner.runBenchmarksForked;org.openjdk.jmh.runner.BaseRunner.doSingle;org.openjdk.jmh.runner.BaseRunner.runBenchmark;org.openjdk.jmh.runner.BaseRunner.runBenchmark;jdk.proxy1.$Proxy0.iteration;org.openjdk.jmh.runner.link.BinaryLinkClient$$Lambda$73/0x000073419400c3f8.invoke;org.openjdk.jmh.runner.link.BinaryLinkClient.lambda$new$0;org.openjdk.jmh.runner.link.BinaryLinkClient.pushFrame;java.io.ObjectOutputStream.writeObject;java.io.ObjectOutputStream.writeObject0;java.io.ObjectStreamClass.lookup;java.io.ClassCache.get;java.lang.ClassValue.get;java.lang.ClassValue.getFromBackup;java.lang.ClassValue.getFromHashMap;java.io.ClassCache$1.computeValue;java.io.ClassCache$1.computeValue;java.io.ObjectStreamClass$Caches$1.computeValue;java.io.ObjectStreamClass$Caches$1.computeValue;java.io.ObjectStreamClass.<init>,0.0989
java.lang.Thread.run;java.util.concurrent.ThreadPoolExecutor$Worker.run;java.util.concurrent.ThreadPoolExecutor.runWorker;java.util.concurrent.FutureTask.run;java.util.concurrent.Executors$RunnableAdapter.call;java.util.concurrent.FutureTask.run;org.openjdk.jmh.runner.BenchmarkHandler$BenchmarkTask.call;org.openjdk.jmh.runner.BenchmarkHandler$BenchmarkTask.call;java.lang.reflect.Method.invoke;jdk.internal.reflect.DelegatingMethodAccessorImpl.invoke;jdk.internal.reflect.NativeMethodAccessorImpl.invoke;jdk.internal.reflect.NativeMethodAccessorImpl.invoke0;com.tfg.jsonbench.jackson.jmh_generated.JacksonBenchmark_deserializar_jmhTest.deserializar_AverageTime;com.tfg.jsonbench.jackson.jmh_generated.JacksonBenchmark_deserializar_jmhTest._jmh_tryInit_f_jacksonbenchmark0_0;com.tfg.jsonbench.jackson.JacksonBenchmark.preparar;com.fasterxml.jackson.databind.ObjectMapper.<init>;com.fasterxml.jackson.databind.ObjectMapper.<init>;com.fasterxml.jackson.databind.SerializerProvider.<clinit>;java.lang.ClassLoader.loadClass;jdk.internal.loader.ClassLoaders$AppClassLoader.loadClass;jdk.internal.loader.BuiltinClassLoader.loadClass;jdk.internal.loader.BuiltinClassLoader.loadClassOrNull;jdk.internal.loader.BuiltinClassLoader.findClassOnClassPathOrNull;jdk.internal.loader.BuiltinClassLoader.defineClass;java.security.SecureClassLoader.defineClass;java.lang.ClassLoader.defineClass;java.lang.ClassLoader.defineClass1;java.lang.ClassLoader.loadClass;jdk.internal.loader.ClassLoaders$AppClassLoader.loadClass;jdk.internal.loader.BuiltinClassLoader.loadClass;jdk.internal.loader.BuiltinClassLoader.loadClassOrNull;jdk.internal.loader.BuiltinClassLoader.findClassOnClassPathOrNull;jdk.internal.loader.BuiltinClassLoader.defineClass;java.security.SecureClassLoader.defineClass;java.lang.ClassLoader.defineClass;java.lang.ClassLoader.defineClass1,0.4797
java.lang.Thread.run;java.util.concurrent.ThreadPoolExecutor$Worker.run;java.util.concurrent.ThreadPoolExecutor.runWorker;java.util.concurrent.FutureTask.run;java.util.concurrent.Executors$RunnableAdapter.call;java.util.concurrent.FutureTask.run;org.openjdk.jmh.runner.BenchmarkHandler$BenchmarkTask.call;org.openjdk.jmh.runner.BenchmarkHandler$BenchmarkTask.call;java.lang.reflect.Method.invoke;jdk.internal.reflect.DelegatingMethodAccessorImpl.invoke;jdk.internal.reflect.NativeMethodAccessorImpl.invoke;jdk.internal.reflect.NativeMethodAccessorImpl.invoke0;com.tfg.jsonbench.jackson.jmh_generated.JacksonBenchmark_deserializar_jmhTest.deserializar_AverageTime;com.tfg.jsonbench.jackson.jmh_generated.JacksonBenchmark_deserializar_jmhTest.deserializar_avgt_jmhStub;com.tfg.jsonbench.jackson.JacksonBenchmark.deserializar;com.fasterxml.jackson.databind.ObjectMapper.readValue;com.fasterxml.jackson.databind.ObjectMapper.readValue;com.fasterxml.jackson.databind.ObjectMapper._readMapAndClose;com.fasterxml.jackson.databind.deser.DefaultDeserializationContext.readRootValue;com.fasterxml.jackson.databind.deser.BeanDeserializer.deserialize,6.8167
java.lang.Thread.run;java.util.concurrent.ThreadPoolExecutor$Worker.run;java.util.concurrent.ThreadPoolExecutor.runWorker;java.util.concurrent.FutureTask.run;java.util.concurrent.Executors$RunnableAdapter.call;java.util.concurrent.FutureTask.run;org.openjdk.jmh.runner.BenchmarkHandler$BenchmarkTask.call;org.openjdk.jmh.runner.BenchmarkHandler$BenchmarkTask.call;java.lang.reflect.Method.invoke;jdk.internal.reflect.DelegatingMethodAccessorImpl.invoke;jdk.internal.reflect.NativeMethodAccessorImpl.invoke;jdk.internal.reflect.NativeMethodAccessorImpl.invoke0;com.tfg.jsonbench.jackson.jmh_generated.JacksonBenchmark_deserializar_jmhTest.deserializar_AverageTime;com.tfg.jsonbench.jackson.jmh_generated.JacksonBenchmark_deserializar_jmhTest.deserializar_avgt_jmhStub;com.tfg.jsonbench.jackson.JacksonBenchmark.deserializar;com.fasterxml.jackson.databind.ObjectMapper.readValue;com.fasterxml.jackson.databind.ObjectMapper.readValue,73.6556
java.lang.Thread.run;java.util.concurrent.ThreadPoolExecutor$Worker.run;java.util.concurrent.ThreadPoolExecutor.runWorker;java.util.concurrent.FutureTask.run;java.util.concurrent.Executors$RunnableAdapter.call;java.util.concurrent.FutureTask.run;org.openjdk.jmh.runner.BenchmarkHandler$BenchmarkTask.call;org.openjdk.jmh.runner.BenchmarkHandler$BenchmarkTask.call;java.lang.reflect.Method.invoke;jdk.internal.reflect.DelegatingMethodAccessorImpl.invoke;jdk.internal.reflect.NativeMethodAccessorImpl.invoke;jdk.internal.reflect.NativeMethodAccessorImpl.invoke0;com.tfg.jsonbench.jackson.jmh_generated.JacksonBenchmark_deserializar_jmhTest.deserializar_AverageTime;com.tfg.jsonbench.jackson.jmh_generated.JacksonBenchmark_deserializar_jmhTest.deserializar_avgt_jmhStub;com.tfg.jsonbench.jackson.JacksonBenchmark.deserializar;com.fasterxml.jackson.databind.ObjectMapper.readValue;com.fasterxml.jackson.databind.type.TypeFactory.constructType;com.fasterxml.jackson.databind.type.TypeFactory._fromAny;com.fasterxml.jackson.databind.type.TypeFactory._fromClass;com.fasterxml.jackson.databind.util.LRUMap.get;com.fasterxml.jackson.databind.util.internal.PrivateMaxEntriesMap.get;com.fasterxml.jackson.databind.util.internal.PrivateMaxEntriesMap.afterRead;com.fasterxml.jackson.databind.util.internal.PrivateMaxEntriesMap.drainOnReadIfNeeded;com.fasterxml.jackson.databind.util.internal.PrivateMaxEntriesMap.tryToDrainBuffers;com.fasterxml.jackson.databind.util.internal.PrivateMaxEntriesMap.drainBuffers;com.fasterxml.jackson.databind.util.internal.PrivateMaxEntriesMap.drainWriteBuffer,0.4797
java.lang.Thread.run;java.util.concurrent.ThreadPoolExecutor$Worker.run;java.util.concurrent.ThreadPoolExecutor.runWorker;java.util.concurrent.FutureTask.run;java.util.concurrent.Executors$RunnableAdapter.call;java.util.concurrent.FutureTask.run;org.openjdk.jmh.runner.BenchmarkHandler$BenchmarkTask.call;org.openjdk.jmh.runner.BenchmarkHandler$BenchmarkTask.call;java.lang.reflect.Method.invoke;jdk.internal.reflect.DelegatingMethodAccessorImpl.invoke;jdk.internal.reflect.NativeMethodAccessorImpl.invoke;jdk.internal.reflect.NativeMethodAccessorImpl.invoke0;com.tfg.jsonbench.jackson.jmh_generated.JacksonBenchmark_deserializar_jmhTest.deserializar_AverageTime;com.tfg.jsonbench.jackson.jmh_generated.JacksonBenchmark_deserializar_jmhTest.deserializar_avgt_jmhStub;com.tfg.jsonbench.jackson.JacksonBenchmark.deserializar;com.fasterxml.jackson.databind.ObjectMapper.readValue;com.fasterxml.jackson.databind.type.TypeFactory.constructType;com.fasterxml.jackson.databind.type.TypeFactory._fromAny;com.fasterxml.jackson.databind.type.TypeFactory._fromClass;com.fasterxml.jackson.databind.util.LRUMap.get;com.fasterxml.jackson.databind.util.internal.PrivateMaxEntriesMap.get;com.fasterxml.jackson.databind.util.internal.PrivateMaxEntriesMap.afterRead;com.fasterxml.jackson.databind.util.internal.PrivateMaxEntriesMap.recordRead,0.4797
java.lang.Thread.run;java.util.concurrent.ThreadPoolExecutor$Worker.run;java.util.concurrent.ThreadPoolExecutor.runWorker;java.util.concurrent.FutureTask.run;java.util.concurrent.Executors$RunnableAdapter.call;java.util.concurrent.FutureTask.run;org.openjdk.jmh.runner.BenchmarkHandler$BenchmarkTask.call;org.openjdk.jmh.runner.BenchmarkHandler$BenchmarkTask.call;java.lang.reflect.Method.invoke;jdk.internal.reflect.DelegatingMethodAccessorImpl.invoke;jdk.internal.reflect.NativeMethodAccessorImpl.invoke;jdk.internal.reflect.NativeMethodAccessorImpl.invoke0;com.tfg.jsonbench.jackson.jmh_generated.JacksonBenchmark_deserializar_jmhTest.deserializar_AverageTime;com.tfg.jsonbench.jackson.jmh_generated.JacksonBenchmark_deserializar_jmhTest.deserializar_avgt_jmhStub;com.tfg.jsonbench.jackson.JacksonBenchmark.deserializar;com.fasterxml.jackson.databind.ObjectMapper.readValue;com.fasterxml.jackson.databind.ObjectMapper.readValue;com.fasterxml.jackson.databind.ObjectMapper._readMapAndClose;com.fasterxml.jackson.databind.ObjectMapper._initForReading;com.fasterxml.jackson.core.json.ReaderBasedJsonParser.nextToken;com.fasterxml.jackson.core.base.ParserBase.createChildObjectContext;com.fasterxml.jackson.core.json.JsonReadContext.createChildObjectContext,31.4562
java.lang.Thread.run;java.util.concurrent.ThreadPoolExecutor$Worker.run;java.util.concurrent.ThreadPoolExecutor.runWorker;java.util.concurrent.FutureTask.run;java.util.concurrent.Executors$RunnableAdapter.call;java.util.concurrent.FutureTask.run;org.openjdk.jmh.runner.BenchmarkHandler$BenchmarkTask.call;org.openjdk.jmh.runner.BenchmarkHandler$BenchmarkTask.call;java.lang.reflect.Method.invoke;jdk.internal.reflect.DelegatingMethodAccessorImpl.invoke;jdk.internal.reflect.NativeMethodAccessorImpl.invoke;jdk.internal.reflect.NativeMethodAccessorImpl.invoke0;com.tfg.jsonbench.jackson.jmh_generated.JacksonBenchmark_deserializar_jmhTest.deserializar_AverageTime;com.tfg.jsonbench.jackson.jmh_generated.JacksonBenchmark_deserializar_jmhTest._jmh_tryInit_f_jacksonbenchmark0_0;com.tfg.jsonbench.jackson.JacksonBenchmark.preparar;com.fasterxml.jackson.databind.ObjectMapper.<init>;com.fasterxml.jackson.databind.ObjectMapper.<init>;java.lang.ClassLoader.loadClass;jdk.internal.loader.ClassLoaders$AppClassLoader.loadClass;jdk.internal.loader.BuiltinClassLoader.loadClass;jdk.internal.loader.BuiltinClassLoader.loadClassOrNull;jdk.internal.loader.BuiltinClassLoader.findClassOnClassPathOrNull;jdk.internal.loader.BuiltinClassLoader.defineClass;java.security.SecureClassLoader.defineClass;java.lang.ClassLoader.defineClass;java.lang.ClassLoader.defineClass1;java.lang.ClassLoader.loadClass;jdk.internal.loader.ClassLoaders$AppClassLoader.loadClass;jdk.internal.loader.BuiltinClassLoader.loadClass;jdk.internal.loader.BuiltinClassLoader.loadClassOrNull;jdk.internal.loader.BuiltinClassLoader.findClassOnClassPathOrNull;jdk.internal.loader.BuiltinClassLoader.defineClass;jdk.internal.loader.URLClassPath$JarLoader$2.getBytes;jdk.internal.loader.Resource.getBytes;java.util.zip.InflaterInputStream.read;java.util.zip.Inflater.inflate;java.util.zip.Inflater.inflateBytesBytes,0.4797
java.lang.Thread.run;java.util.concurrent.ThreadPoolExecutor$Worker.run;java.util.concurrent.ThreadPoolExecutor.runWorker;java.util.concurrent.FutureTask.run;java.util.concurrent.Executors$RunnableAdapter.call;java.util.concurrent.FutureTask.run;org.openjdk.jmh.runner.BenchmarkHandler$BenchmarkTask.call;org.openjdk.jmh.runner.BenchmarkHandler$BenchmarkTask.call;java.lang.reflect.Method.invoke;jdk.internal.reflect.DelegatingMethodAccessorImpl.invoke;jdk.internal.reflect.NativeMethodAccessorImpl.invoke;jdk.internal.reflect.NativeMethodAccessorImpl.invoke0;com.tfg.jsonbench.jackson.jmh_generated.JacksonBenchmark_deserializar_jmhTest.deserializar_AverageTime;com.tfg.jsonbench.jackson.jmh_generated.JacksonBenchmark_deserializar_jmhTest._jmh_tryInit_f_jacksonbenchmark0_0;com.tfg.jsonbench.jackson.JacksonBenchmark.preparar;com.fasterxml.jackson.databind.ObjectMapper.<clinit>,0.4797
java.lang.Thread.run;java.util.concurrent.ThreadPoolExecutor$Worker.run;java.util.concurrent.ThreadPoolExecutor.runWorker;java.util.concurrent.FutureTask.run;java.util.concurrent.Executors$RunnableAdapter.call;java.util.concurrent.FutureTask.run;org.openjdk.jmh.runner.BenchmarkHandler$BenchmarkTask.call;org.openjdk.jmh.runner.BenchmarkHandler$BenchmarkTask.call;java.lang.reflect.Method.invoke;jdk.internal.reflect.DelegatingMethodAccessorImpl.invoke;jdk.internal.reflect.NativeMethodAccessorImpl.invoke;jdk.internal.reflect.NativeMethodAccessorImpl.invoke0;com.tfg.jsonbench.jackson.jmh_generated.JacksonBenchmark_deserializar_jmhTest.deserializar_AverageTime;com.tfg.jsonbench.jackson.jmh_generated.JacksonBenchmark_deserializar_jmhTest.deserializar_avgt_jmhStub;com.tfg.jsonbench.jackson.JacksonBenchmark.deserializar;com.fasterxml.jackson.databind.ObjectMapper.readValue;com.fasterxml.jackson.databind.ObjectMapper.readValue;com.fasterxml.jackson.databind.ObjectMapper._readMapAndClose;com.fasterxml.jackson.databind.deser.DefaultDeserializationContext.readRootValue;com.fasterxml.jackson.databind.deser.BeanDeserializer.deserialize;com.fasterxml.jackson.databind.deser.BeanDeserializer.vanillaDeserialize;com.fasterxml.jackson.databind.deser.impl.FieldProperty.deserializeAndSet;com.fasterxml.jackson.databind.deser.std.StringCollectionDeserializer.deserialize;com.fasterxml.jackson.databind.deser.std.StringCollectionDeserializer.deserialize;com.fasterxml.jackson.databind.deser.std.StringCollectionDeserializer.deserialize;com.fasterxml.jackson.core.json.ReaderBasedJsonParser.nextTextValue;com.fasterxml.jackson.core.json.ReaderBasedJsonParser.getText;com.fasterxml.jackson.core.json.ReaderBasedJsonParser._finishString,7.3228
java.lang.Thread.run;java.util.concurrent.ThreadPoolExecutor$Worker.run;java.util.concurrent.ThreadPoolExecutor.runWorker;java.util.concurrent.FutureTask.run;java.util.concurrent.Executors$RunnableAdapter.call;java.util.concurrent.FutureTask.run;org.openjdk.jmh.runner.BenchmarkHandler$BenchmarkTask.call;org.openjdk.jmh.runner.BenchmarkHandler$BenchmarkTask.call;java.lang.reflect.Method.invoke;jdk.internal.reflect.DelegatingMethodAccessorImpl.invoke;jdk.internal.reflect.NativeMethodAccessorImpl.invoke;jdk.internal.reflect.NativeMethodAccessorImpl.invoke0;com.tfg.jsonbench.jackson.jmh_generated.JacksonBenchmark_deserializar_jmhTest.deserializar_AverageTime;com.tfg.jsonbench.jackson.jmh_generated.JacksonBenchmark_deserializar_jmhTest.deserializar_avgt_jmhStub;com.tfg.jsonbench.jackson.JacksonBenchmark.deserializar;com.fasterxml.jackson.databind.ObjectMapper.readValue;com.fasterxml.jackson.databind.ObjectMapper.readValue;com.fasterxml.jackson.databind.ObjectMapper._readMapAndClose;com.fasterxml.jackson.databind.deser.DefaultDeserializationContext.readRootValue;com.fasterxml.jackson.databind.deser.BeanDeserializer.deserialize;com.fasterxml.jackson.core.json.ReaderBasedJsonParser.nextToken;com.fasterxml.jackson.core.json.ReaderBasedJsonParser._parseName;com.fasterxml.jackson.core.sym.CharsToNameCanonicalizer.findSymbol,30.7501
org.openjdk.jmh.runner.ForkedMain.main;java.lang.ClassLoader.loadClass;jdk.internal.loader.ClassLoaders$AppClassLoader.loadClass;jdk.internal.loader.BuiltinClassLoader.loadClass;jdk.internal.loader.BuiltinClassLoader.loadClassOrNull;jdk.internal.loader.BuiltinClassLoader.findClassOnClassPathOrNull;jdk.internal.loader.BuiltinClassLoader.defineClass;java.security.SecureClassLoader.defineClass;java.lang.ClassLoader.defineClass;java.lang.ClassLoader.defineClass1,0.0989
org.openjdk.jmh.runner.ForkedMain.main;org.openjdk.jmh.runner.ForkedRunner.run;org.openjdk.jmh.runner.BaseRunner.runBenchmarksForked;org.openjdk.jmh.runner.BaseRunner.doSingle;org.openjdk.jmh.runner.BaseRunner.runBenchmark;org.openjdk.jmh.runner.BenchmarkHandler.<init>;org.openjdk.jmh.runner.BenchmarkHandler.findBenchmarkMethod;org.openjdk.jmh.util.ClassUtils.enumerateMethods;java.lang.Class.getDeclaredMethods;java.lang.Class.privateGetDeclaredMethods;java.lang.Class.getDeclaredMethods0;java.lang.ClassLoader.loadClass;jdk.internal.loader.ClassLoaders$AppClassLoader.loadClass;jdk.internal.loader.BuiltinClassLoader.loadClass;jdk.internal.loader.BuiltinClassLoader.loadClassOrNull;jdk.internal.loader.BuiltinClassLoader.findClassOnClassPathOrNull;jdk.internal.loader.BuiltinClassLoader.defineClass;java.security.SecureClassLoader.defineClass;java.lang.ClassLoader.defineClass;java.lang.ClassLoader.defineClass1;java.lang.ClassLoader.loadClass;jdk.internal.loader.ClassLoaders$AppClassLoader.loadClass;jdk.internal.loader.BuiltinClassLoader.loadClass;jdk.internal.loader.BuiltinClassLoader.loadClassOrNull;jdk.internal.loader.BuiltinClassLoader.findClassOnClassPathOrNull;jdk.internal.loader.URLClassPath.getResource;jdk.internal.loader.URLClassPath$JarLoader.getResource;jdk.internal.loader.URLClassPath$JarLoader.checkResource;jdk.internal.loader.URLClassPath$JarLoader$2.<init>;jdk.internal.loader.Resource.<init>,0.0989
java.lang.Thread.run;java.util.concurrent.ThreadPoolExecutor$Worker.run;java.util.concurrent.ThreadPoolExecutor.runWorker;java.util.concurrent.FutureTask.run;java.util.concurrent.Executors$RunnableAdapter.call;java.util.concurrent.FutureTask.run;org.openjdk.jmh.runner.BenchmarkHandler$BenchmarkTask.call;org.openjdk.jmh.runner.BenchmarkHandler$BenchmarkTask.call;java.lang.reflect.Method.invoke;jdk.internal.reflect.DelegatingMethodAccessorImpl.invoke;jdk.internal.reflect.NativeMethodAccessorImpl.invoke;jdk.internal.reflect.NativeMethodAccessorImpl.invoke0;com.tfg.jsonbench.jackson.jmh_generated.JacksonBenchmark_deserializar_jmhTest.deserializar_AverageTime;com.tfg.jsonbench.jackson.jmh_generated.JacksonBenchmark_deserializar_jmhTest._jmh_tryInit_f_jacksonbenchmark0_0;com.tfg.jsonbench.jackson.JacksonBenchmark.preparar;com.fasterxml.jackson.databind.ObjectMapper.writeValueAsString;com.fasterxml.jackson.core.io.SegmentedStringWriter.<init>,0.4797
java.lang.Thread.run;java.util.concurrent.ThreadPoolExecutor$Worker.run;java.util.concurrent.ThreadPoolExecutor.runWorker;java.util.concurrent.FutureTask.run;java.util.concurrent.Executors$RunnableAdapter.call;java.util.concurrent.FutureTask.run;org.openjdk.jmh.runner.BenchmarkHandler$BenchmarkTask.call;org.openjdk.jmh.runner.BenchmarkHandler$BenchmarkTask.call;java.lang.reflect.Method.invoke;jdk.internal.reflect.DelegatingMethodAccessorImpl.invoke;jdk.internal.reflect.NativeMethodAccessorImpl.invoke;jdk.internal.reflect.NativeMethodAccessorImpl.invoke0;com.tfg.jsonbench.jackson.jmh_generated.JacksonBenchmark_deserializar_jmhTest.deserializar_AverageTime;com.tfg.jsonbench.jackson.jmh_generated.JacksonBenchmark_deserializar_jmhTest._jmh_tryInit_f_jacksonbenchmark0_0;com.tfg.jsonbench.jackson.JacksonBenchmark.preparar;com.fasterxml.jackson.databind.ObjectMapper.writeValueAsString;com.fasterxml.jackson.databind.ObjectMapper._writeValueAndClose;com.fasterxml.jackson.databind.ser.DefaultSerializerProvider.serializeValue;com.fasterxml.jackson.databind.SerializerProvider.findTypedValueSerializer;com.fasterxml.jackson.databind.SerializerProvider.findValueSerializer;com.fasterxml.jackson.databind.SerializerProvider._createAndCacheUntypedSerializer;com.fasterxml.jackson.databind.SerializerProvider._createUntypedSerializer;com.fasterxml.jackson.databind.ser.BeanSerializerFactory.createSerializer;com.fasterxml.jackson.databind.ser.BeanSerializerFactory._createSerializer2;com.fasterxml.jackson.databind.ser.BasicSerializerFactory.findSerializerByAnnotations;com.fasterxml.jackson.databind.introspect.BasicBeanDescription.findJsonValueAccessor;com.fasterxml.jackson.databind.introspect.POJOPropertiesCollector.getJsonValueAccessor;com.fasterxml.jackson.databind.introspect.POJOPropertiesCollector.collectAll;com.fasterxml.jackson.databind.introspect.POJOPropertiesCollector._addFields;com.fasterxml.jackson.databind.introspect.JacksonAnnotationIntrospector.findNameForSerialization;java.lang.ClassLoader.loadClass;jdk.internal.loader.ClassLoaders$AppClassLoader.loadClass;jdk.internal.loader.BuiltinClassLoader.loadClass;jdk.internal.loader.BuiltinClassLoader.loadClassOrNull;jdk.internal.loader.BuiltinClassLoader.findClassOnClassPathOrNull;jdk.internal.loader.BuiltinClassLoader.defineClass;jdk.internal.loader.URLClassPath$JarLoader$2.getBytes;jdk.internal.loader.Resource.getBytes;java.util.zip.InflaterInputStream.read;java.util.zip.ZipFile$ZipFileInflaterInputStream.fill;java.util.zip.ZipFile$ZipFileInputStream.read;java.util.zip.ZipFile$Source.readAt;java.io.RandomAccessFile.read;java.io.RandomAccessFile.readBytes,0.4797
java.lang.Thread.run;java.util.concurrent.ThreadPoolExecutor$Worker.run;java.util.concurrent.ThreadPoolExecutor.runWorker;java.util.concurrent.FutureTask.run;java.util.concurrent.Executors$RunnableAdapter.call;java.util.concurrent.FutureTask.run;org.openjdk.jmh.runner.BenchmarkHandler$BenchmarkTask.call;org.openjdk.jmh.runner.BenchmarkHandler$BenchmarkTask.call;java.lang.reflect.Method.invoke;jdk.internal.reflect.DelegatingMethodAccessorImpl.invoke;jdk.internal.reflect.NativeMethodAccessorImpl.invoke;jdk.internal.reflect.NativeMethodAccessorImpl.invoke0;com.tfg.jsonbench.jackson.jmh_generated.JacksonBenchmark_deserializar_jmhTest.deserializar_AverageTime;com.tfg.jsonbench.jackson.jmh_generated.JacksonBenchmark_deserializar_jmhTest.deserializar_avgt_jmhStub;com.tfg.jsonbench.jackson.JacksonBenchmark.deserializar;com.fasterxml.jackson.databind.ObjectMapper.readValue;com.fasterxml.jackson.databind.ObjectMapper.readValue;com.fasterxml.jackson.databind.ObjectMapper._readMapAndClose;com.fasterxml.jackson.databind.deser.DefaultDeserializationContext.readRootValue;com.fasterxml.jackson.databind.deser.BeanDeserializer.deserialize;com.fasterxml.jackson.databind.deser.BeanDeserializer.vanillaDeserialize;com.fasterxml.jackson.databind.deser.impl.FieldProperty.deserializeAndSet;com.fasterxml.jackson.databind.deser.std.StringCollectionDeserializer.deserialize;com.fasterxml.jackson.databind.deser.std.StringCollectionDeserializer.deserialize;com.fasterxml.jackson.databind.deser.std.StringCollectionDeserializer.deserialize;com.fasterxml.jackson.core.json.ReaderBasedJsonParser.nextTextValue,89.4768
java.lang.Thread.run;java.util.concurrent.ThreadPoolExecutor$Worker.run;java.util.concurrent.ThreadPoolExecutor.runWorker;java.util.concurrent.FutureTask.run;java.util.concurrent.Executors$RunnableAdapter.call;java.util.concurrent.FutureTask.run;org.openjdk.jmh.runner.BenchmarkHandler$BenchmarkTask.call;org.openjdk.jmh.runner.BenchmarkHandler$BenchmarkTask.call;org.openjdk.jmh.runner.BenchmarkHandler.access$300;org.openjdk.jmh.runner.BenchmarkHandler.getWorkerData;java.util.concurrent.CyclicBarrier.await;java.util.concurrent.CyclicBarrier.dowait;org.openjdk.jmh.runner.BenchmarkHandler$$Lambda$87/0x0000734194086288.run;org.openjdk.jmh.runner.BenchmarkHandler.captureUnusedWorkerData;java.util.AbstractQueue.addAll;java.util.concurrent.ConcurrentHashMap$ValuesView.iterator;java.util.concurrent.ConcurrentHashMap$ValueIterator.<init>;java.util.concurrent.ConcurrentHashMap$BaseIterator.<init>;java.util.concurrent.ConcurrentHashMap$Traverser.advance,0.3580
org.openjdk.jmh.runner.ForkedMain.main;org.openjdk.jmh.runner.ForkedRunner.run;org.openjdk.jmh.runner.link.BinaryLinkClient.requestPlan;org.openjdk.jmh.runner.link.BinaryLinkClient.readFrame;java.io.ObjectInputStream.readObject;java.io.ObjectInputStream.readObject;java.io.ObjectInputStream.readObject0;java.io.ObjectInputStream.readOrdinaryObject;java.io.ObjectInputStream.readSerialData;java.io.ObjectInputStream$FieldValues.<init>;java.io.ObjectInputStream.readObject0;java.io.ObjectInputStream.readOrdinaryObject;java.io.ObjectInputStream.readSerialData;java.io.ObjectInputStream$FieldValues.<init>;java.io.ObjectInputStream.readObject0;java.io.ObjectInputStream.readOrdinaryObject;java.io.ObjectInputStream.readSerialData;java.io.ObjectStreamClass.invokeReadObject;java.lang.reflect.Method.invoke;jdk.internal.reflect.DelegatingMethodAccessorImpl.invoke;jdk.internal.reflect.NativeMethodAccessorImpl.invoke;jdk.internal.reflect.NativeMethodAccessorImpl.invoke0;java.util.ArrayList.readObject;java.io.ObjectInputStream.readObject;java.io.ObjectInputStream.readObject;java.io.ObjectInputStream.readObject0;java.io.ObjectInputStream.readOrdinaryObject;java.io.ObjectInputStream.readSerialData;java.io.ObjectInputStream$FieldValues.<init>;java.io.ObjectInputStream.readObject0;java.io.ObjectInputStream.readOrdinaryObject;java.io.ObjectInputStream.readClassDesc;java.io.ObjectInputStream.readNonProxyDesc;java.io.ObjectInputStream.readClassDesc;java.io.ObjectInputStream.readNonProxyDesc;java.io.ObjectInputStream.readClassDesc;java.io.ObjectInputStream.readNonProxyDesc;java.io.ObjectStreamClass.initNonProxy;java.io.ObjectStreamClass.lookup;java.io.ClassCache.get;java.lang.ClassValue.get;java.lang.ClassValue.getFromBackup;java.lang.ClassValue.getFromHashMap;java.io.ClassCache$1.computeValue;java.io.ClassCache$1.computeValue;java.io.ObjectStreamClass$Caches$1.computeValue;java.io.ObjectStreamClass$Caches$1.computeValue;java.io.ObjectStreamClass.<init>;java.io.ObjectStreamClass.getReflector;java.io.ObjectStreamClass.matchFields,0.0989
java.lang.Thread.run;java.util.concurrent.ThreadPoolExecutor$Worker.run;java.util.concurrent.ThreadPoolExecutor.runWorker;java.util.concurrent.FutureTask.run;java.util.concurrent.Executors$RunnableAdapter.call;java.util.concurrent.FutureTask.run;org.openjdk.jmh.runner.BenchmarkHandler$BenchmarkTask.call;org.openjdk.jmh.runner.BenchmarkHandler$BenchmarkTask.call;java.lang.reflect.Method.invoke;jdk.internal.reflect.DelegatingMethodAccessorImpl.invoke;jdk.internal.reflect.NativeMethodAccessorImpl.invoke;jdk.internal.reflect.NativeMethodAccessorImpl.invoke0;com.tfg.jsonbench.jackson.jmh_generated.JacksonBenchmark_deserializar_jmhTest.deserializar_AverageTime;org.openjdk.jmh.results.AverageTimeResult.<init>;org.openjdk.jmh.results.Result.of;java.lang.ClassLoader.loadClass;jdk.internal.loader.ClassLoaders$AppClassLoader.loadClass;jdk.internal.loader.BuiltinClassLoader.loadClass;jdk.internal.loader.BuiltinClassLoader.loadClassOrNull;jdk.internal.loader.BuiltinClassLoader.findClassOnClassPathOrNull;jdk.internal.loader.BuiltinClassLoader.defineClass;java.security.SecureClassLoader.defineClass;java.lang.ClassLoader.defineClass;java.lang.ClassLoader.defineClass1;java.lang.ClassLoader.loadClass;jdk.internal.loader.ClassLoaders$AppClassLoader.loadClass;jdk.internal.loader.BuiltinClassLoader.loadClass;jdk.internal.loader.BuiltinClassLoader.loadClassOrNull;jdk.internal.loader.BuiltinClassLoader.findClassOnClassPathOrNull;jdk.internal.loader.BuiltinClassLoader.defineClass;jdk.internal.loader.URLClassPath$JarLoader$2.getBytes;jdk.internal.loader.Resource.getBytes;java.util.zip.InflaterInputStream.read;java.util.zip.Inflater.inflate;java.util.zip.Inflater.inflateBytesBytes,0.3559
