java.lang.Thread.run;java.util.concurrent.ThreadPoolExecutor$Worker.run;java.util.concurrent.ThreadPoolExecutor.runWorker;java.util.concurrent.FutureTask.run;java.util.concurrent.Executors$RunnableAdapter.call;java.util.concurrent.FutureTask.run;org.openjdk.jmh.runner.BenchmarkHandler$BenchmarkTask.call;org.openjdk.jmh.runner.BenchmarkHandler$BenchmarkTask.call;java.lang.reflect.Method.invoke;jdk.internal.reflect.DelegatingMethodAccessorImpl.invoke;jdk.internal.reflect.NativeMethodAccessorImpl.invoke;jdk.internal.reflect.NativeMethodAccessorImpl.invoke0;com.tfg.jsonbench.jackson.jmh_generated.JacksonBenchmark_serializar_jmhTest.serializar_AverageTime;com.tfg.jsonbench.jackson.jmh_generated.JacksonBenchmark_serializar_jmhTest._jmh_tryInit_f_jacksonbenchmark0_0;com.tfg.jsonbench.jackson.JacksonBenchmark.preparar;com.fasterxml.jackson.databind.ObjectMapper.writeValueAsString;com.fasterxml.jackson.databind.ObjectMapper._writeValueAndClose;com.fasterxml.jackson.databind.ser.DefaultSerializerProvider.serializeValue;com.fasterxml.jackson.databind.SerializerProvider.findTypedValueSerializer;com.fasterxml.jackson.databind.SerializerProvider.findValueSerializer;com.fasterxml.jackson.databind.SerializerProvider._createAndCacheUntypedSerializer;com.fasterxml.jackson.databind.SerializerProvider._createUntypedSerializer;com.fasterxml.jackson.databind.ser.BeanSerializerFactory.createSerializer;com.fasterxml.jackson.databind.ser.BeanSerializerFactory._createSerializer2;com.fasterxml.jackson.databind.ser.BasicSerializerFactory.findSerializerByAnnotations;com.fasterxml.jackson.databind.introspect.BasicBeanDescription.findJsonValueAccessor;com.fasterxml.jackson.databind.introspect.POJOPropertiesCollector.getJsonValueAccessor;com.fasterxml.jackson.databind.introspect.POJOPropertiesCollector.collectAll;com.fasterxml.jackson.databind.introspect.POJOPropertiesCollector._addFields;com.fasterxml.jackson.databind.introspect.JacksonAnnotationIntrospector.findNameForSerialization;java.lang.ClassLoader.loadClass;jdk.internal.loader.ClassLoaders$AppClassLoader.loadClass;jdk.internal.loader.BuiltinClassLoader.loadClass;jdk.internal.loader.BuiltinClassLoader.loadClassOrNull;jdk.internal.loader.BuiltinClassLoader.findClassOnClassPathOrNull;jdk.internal.loader.BuiltinClassLoader.defineClass;java.security.SecureClassLoader.defineClass;java.lang.ClassLoader.defineClass;java.lang.ClassLoader.defineClass1,0.4437
java.lang.Thread.run;java.util.concurrent.ThreadPoolExecutor$Worker.run;java.util.concurrent.ThreadPoolExecutor.runWorker;java.util.concurrent.FutureTask.run;java.util.concurrent.Executors$RunnableAdapter.call;java.util.concurrent.FutureTask.run;org.openjdk.jmh.runner.BenchmarkHandler$BenchmarkTask.call;org.openjdk.jmh.runner.BenchmarkHandler$BenchmarkTask.call;java.lang.reflect.Method.invoke;jdk.internal.reflect.DelegatingMethodAccessorImpl.invoke;jdk.internal.reflect.NativeMethodAccessorImpl.invoke;jdk.internal.reflect.NativeMethodAccessorImpl.invoke0;com.tfg.jsonbench.jackson.jmh_generated.JacksonBenchmark_serializar_jmhTest.serializar_AverageTime;com.tfg.jsonbench.jackson.jmh_generated.JacksonBenchmark_serializar_jmhTest._jmh_tryInit_f_jacksonbenchmark0_0;com.tfg.jsonbench.jackson.JacksonBenchmark.preparar;com.fasterxml.jackson.databind.ObjectMapper.<init>;com.fasterxml.jackson.databind.ObjectMapper.<init>,0.4437
java.lang.Thread.run;java.util.concurrent.ThreadPoolExecutor$Worker.run;java.util.concurrent.ThreadPoolExecutor.runWorker;java.util.concurrent.FutureTask.run;java.util.concurrent.Executors$RunnableAdapter.call;java.util.concurrent.FutureTask.run;org.openjdk.jmh.runner.BenchmarkHandler$BenchmarkTask.call;org.openjdk.jmh.runner.BenchmarkHandler$BenchmarkTask.call;java.lang.reflect.Method.invoke;jdk.internal.reflect.DelegatingMethodAccessorImpl.invoke;jdk.internal.reflect.NativeMethodAccessorImpl.invoke;jdk.internal.reflect.NativeMethodAccessorImpl.invoke0;com.tfg.jsonbench.jackson.jmh_generated.JacksonBenchmark_serializar_jmhTest.serializar_AverageTime;com.tfg.jsonbench.jackson.jmh_generated.JacksonBenchmark_serializar_jmhTest.serializar_avgt_jmhStub;com.tfg.jsonbench.jackson.JacksonBenchmark.serializar;com.fasterxml.jackson.databind.ObjectMapper.writeValueAsString;com.fasterxml.jackson.databind.ObjectMapper._writeValueAndClose;com.fasterxml.jackson.core.json.WriterBasedJsonGenerator.close;com.fasterxml.jackson.core.base.GeneratorBase.getOutputContext,0.4437
java.lang.Thread.run;java.util.concurrent.ThreadPoolExecutor$Worker.run;java.util.concurrent.ThreadPoolExecutor.runWorker;java.util.concurrent.FutureTask.run;java.util.concurrent.Executors$RunnableAdapter.call;java.util.concurrent.FutureTask.run;org.openjdk.jmh.runner.BenchmarkHandler$BenchmarkTask.call;org.openjdk.jmh.runner.BenchmarkHandler$BenchmarkTask.call;java.lang.reflect.Method.invoke;jdk.internal.reflect.DelegatingMethodAccessorImpl.invoke;jdk.internal.reflect.NativeMethodAccessorImpl.invoke;jdk.internal.reflect.NativeMethodAccessorImpl.invoke0;com.tfg.jsonbench.jackson.jmh_generated.JacksonBenchmark_serializar_jmhTest.serializar_AverageTime;com.tfg.jsonbench.jackson.jmh_generated.JacksonBenchmark_serializar_jmhTest._jmh_tryInit_f_jacksonbenchmark0_0;com.tfg.jsonbench.jackson.JacksonBenchmark.preparar;com.fasterxml.jackson.databind.ObjectMapper.<init>;com.fasterxml.jackson.databind.ObjectMapper.<init>;com.fasterxml.jackson.databind.deser.DefaultDeserializationContext$Impl.<init>;java.lang.ClassLoader.loadClass;jdk.internal.loader.ClassLoaders$AppClassLoader.loadClass;jdk.internal.loader.BuiltinClassLoader.loadClass;jdk.internal.loader.BuiltinClassLoader.loadClassOrNull;java.lang.ClassLoader.getClassLoadingLock;java.util.concurrent.ConcurrentHashMap.putIfAbsent;java.util.concurrent.ConcurrentHashMap.putVal;java.lang.String.hashCode;java.lang.StringLatin1.hashCode,0.4437
java.lang.Thread.run;java.util.concurrent.ThreadPoolExecutor$Worker.run;java.util.concurrent.ThreadPoolExecutor.runWorker;java.util.concurrent.FutureTask.run;java.util.concurrent.Executors$RunnableAdapter.call;java.util.concurrent.FutureTask.run;org.openjdk.jmh.runner.BenchmarkHandler$BenchmarkTask.call;org.openjdk.jmh.runner.BenchmarkHandler$BenchmarkTask.call;java.lang.reflect.Method.invoke;jdk.internal.reflect.DelegatingMethodAccessorImpl.invoke;jdk.internal.reflect.NativeMethodAccessorImpl.invoke;jdk.internal.reflect.NativeMethodAccessorImpl.invoke0;com.tfg.jsonbench.jackson.jmh_generated.JacksonBenchmark_serializar_jmhTest.serializar_AverageTime;com.tfg.jsonbench.jackson.jmh_generated.JacksonBenchmark_serializar_jmhTest._jmh_tryInit_f_jacksonbenchmark0_0;com.tfg.jsonbench.jackson.JacksonBenchmark.preparar;java.lang.ClassLoader.loadClass;jdk.internal.loader.ClassLoaders$AppClassLoader.loadClass;jdk.internal.loader.BuiltinClassLoader.loadClass;jdk.internal.loader.BuiltinClassLoader.loadClassOrNull;jdk.internal.loader.BuiltinClassLoader.findClassOnClassPathOrNull;jdk.internal.loader.BuiltinClassLoader.defineClass;java.security.SecureClassLoader.defineClass;java.lang.ClassLoader.defineClass;java.lang.ClassLoader.defineClass1,0.4437
java.lang.Thread.run;java.util.concurrent.ThreadPoolExecutor$Worker.run;java.util.concurrent.ThreadPoolExecutor.runWorker;java.util.concurrent.FutureTask.run;java.util.concurrent.Executors$RunnableAdapter.call;java.util.concurrent.FutureTask.run;org.openjdk.jmh.runner.BenchmarkHandler$BenchmarkTask.call;org.openjdk.jmh.runner.BenchmarkHandler$BenchmarkTask.call;java.lang.reflect.Method.invoke;jdk.internal.reflect.DelegatingMethodAccessorImpl.invoke;jdk.internal.reflect.NativeMethodAccessorImpl.invoke;jdk.internal.reflect.NativeMethodAccessorImpl.invoke0;com.tfg.jsonbench.jackson.jmh_generated.JacksonBenchmark_serializar_jmhTest.serializar_AverageTime;com.tfg.jsonbench.jackson.jmh_generated.JacksonBenchmark_serializar_jmhTest._jmh_tryInit_f_jacksonbenchmark0_0;com.tfg.jsonbench.jackson.JacksonBenchmark.preparar;com.fasterxml.jackson.databind.ObjectMapper.<init>;com.fasterxml.jackson.databind.ObjectMapper.<init>;com.fasterxml.jackson.databind.cfg.CoercionConfigs.<init>;java.lang.ClassLoader.loadClass;jdk.internal.loader.ClassLoaders$AppClassLoader.loadClass;jdk.internal.loader.BuiltinClassLoader.loadClass;jdk.internal.loader.BuiltinClassLoader.loadClassOrNull;jdk.internal.loader.BuiltinClassLoader.findClassOnClassPathOrNull;jdk.internal.loader.BuiltinClassLoader.defineClass;java.security.SecureClassLoader.defineClass;java.lang.ClassLoader.defineClass;java.lang.ClassLoader.defineClass1,0.4437
org.openjdk.jmh.runner.ForkedMain.main;org.openjdk.jmh.runner.link.BinaryLinkClient.handshake;org.openjdk.jmh.runner.link.BinaryLinkClient.readFrame;java.io.ObjectInputStream.readObject;java.io.ObjectInputStream.readObject;java.io.ObjectInputStream.readObject0;java.io.ObjectInputStream.readOrdinaryObject;java.io.ObjectInputStream.readSerialData;java.io.ObjectInputStream$FieldValues.<init>;java.io.ObjectInputStream.readObject0;java.io.ObjectInputStream.readOrdinaryObject;java.io.ObjectInputStream.readClassDesc;java.io.ObjectInputStream.readNonProxyDesc;java.io.ObjectStreamClass.initNonProxy;java.io.ObjectStreamClass.lookup;java.io.ClassCache.get;java.lang.ClassValue.get;java.lang.ClassValue.getFromBackup;java.lang.ClassValue.getFromHashMap;java.io.ClassCache$1.computeValue;java.io.ClassCache$1.computeValue;java.io.ObjectStreamClass$Caches$1.computeValue;java.io.ObjectStreamClass$Caches$1.computeValue;java.io.ObjectStreamClass.<init>;java.io.ObjectStreamClass.getReflector;java.io.ObjectStreamClass.matchFields;java.io.ObjectStreamField.getName,0.0925
java.lang.Thread.run;java.util.concurrent.ThreadPoolExecutor$Worker.run;java.util.concurrent.ThreadPoolExecutor.runWorker;java.util.concurrent.FutureTask.run;java.util.concurrent.Executors$RunnableAdapter.call;java.util.concurrent.FutureTask.run;org.openjdk.jmh.runner.BenchmarkHandler$BenchmarkTask.call;org.openjdk.jmh.runner.BenchmarkHandler$BenchmarkTask.call;java.lang.reflect.Method.invoke;jdk.internal.reflect.DelegatingMethodAccessorImpl.invoke;jdk.internal.reflect.NativeMethodAccessorImpl.invoke;jdk.internal.reflect.NativeMethodAccessorImpl.invoke0;com.tfg.jsonbench.jackson.jmh_generated.JacksonBenchmark_serializar_jmhTest.serializar_AverageTime;com.tfg.jsonbench.jackson.jmh_generated.JacksonBenchmark_serializar_jmhTest.serializar_avgt_jmhStub;com.tfg.jsonbench.jackson.JacksonBenchmark.serializar;com.fasterxml.jackson.databind.ObjectMapper.writeValueAsString;com.fasterxml.jackson.databind.ObjectMapper._writeValueAndClose;com.fasterxml.jackson.databind.ser.DefaultSerializerProvider.serializeValue;com.fasterxml.jackson.databind.ser.DefaultSerializerProvider._serialize;com.fasterxml.jackson.databind.ser.BeanSerializer.serialize;com.fasterxml.jackson.databind.ser.std.BeanSerializerBase.serializeFields;com.fasterxml.jackson.databind.ser.BeanPropertyWriter.serializeAsField;com.fasterxml.jackson.databind.ser.std.StringSerializer.serialize;com.fasterxml.jackson.core.json.WriterBasedJsonGenerator.writeString;com.fasterxml.jackson.core.json.WriterBasedJsonGenerator._writeString;com.fasterxml.jackson.core.json.WriterBasedJsonGenerator._writeString2,221.3993
java.lang.Thread.run;java.util.concurrent.ThreadPoolExecutor$Worker.run;java.util.concurrent.ThreadPoolExecutor.runWorker;java.util.concurrent.FutureTask.run;java.util.concurrent.Executors$RunnableAdapter.call;java.util.concurrent.FutureTask.run;org.openjdk.jmh.runner.BenchmarkHandler$BenchmarkTask.call;org.openjdk.jmh.runner.BenchmarkHandler$BenchmarkTask.call;java.lang.reflect.Method.invoke;jdk.internal.reflect.DelegatingMethodAccessorImpl.invoke;jdk.internal.reflect.NativeMethodAccessorImpl.invoke;jdk.internal.reflect.NativeMethodAccessorImpl.invoke0;com.tfg.jsonbench.jackson.jmh_generated.JacksonBenchmark_serializar_jmhTest.serializar_AverageTime;com.tfg.jsonbench.jackson.jmh_generated.JacksonBenchmark_serializar_jmhTest.serializar_avgt_jmhStub;com.tfg.jsonbench.jackson.JacksonBenchmark.serializar;com.fasterxml.jackson.databind.ObjectMapper.writeValueAsString;com.fasterxml.jackson.databind.ObjectMapper._writeValueAndClose;com.fasterxml.jackson.databind.ser.DefaultSerializerProvider.serializeValue;com.fasterxml.jackson.databind.ser.DefaultSerializerProvider._serialize;com.fasterxml.jackson.databind.ser.BeanSerializer.serialize;com.fasterxml.jackson.core.json.WriterBasedJsonGenerator.writeStartObject;com.fasterxml.jackson.core.json.JsonWriteContext.createChildObjectContext,0.3328
java.lang.Thread.run;java.util.concurrent.ThreadPoolExecutor$Worker.run;java.util.concurrent.ThreadPoolExecutor.runWorker;java.util.concurrent.FutureTask.run;java.util.concurrent.Executors$RunnableAdapter.call;java.util.concurrent.FutureTask.run;org.openjdk.jmh.runner.BenchmarkHandler$BenchmarkTask.call;org.openjdk.jmh.runner.BenchmarkHandler$BenchmarkTask.call;java.lang.reflect.Method.invoke;jdk.internal.reflect.DelegatingMethodAccessorImpl.invoke;jdk.internal.reflect.NativeMethodAccessorImpl.invoke;jdk.internal.reflect.NativeMethodAccessorImpl.invoke0;com.tfg.jsonbench.jackson.jmh_generated.JacksonBenchmark_serializar_jmhTest.serializar_AverageTime;com.tfg.jsonbench.jackson.jmh_generated.JacksonBenchmark_serializar_jmhTest._jmh_tryInit_f_jacksonbenchmark0_0;com.tfg.jsonbench.jackson.JacksonBenchmark.preparar;com.fasterxml.jackson.databind.ObjectMapper.writeValueAsString;com.fasterxml.jackson.databind.ObjectMapper.createGenerator;com.fasterxml.jackson.core.JsonFactory.createGenerator;com.fasterxml.jackson.core.JsonFactory._createContext;java.lang.ClassLoader.loadClass;jdk.internal.loader.ClassLoaders$AppClassLoader.loadClass;jdk.internal.loader.BuiltinClassLoader.loadClass;jdk.internal.loader.BuiltinClassLoader.loadClassOrNull;jdk.internal.loader.BuiltinClassLoader.findClassOnClassPathOrNull;jdk.internal.loader.BuiltinClassLoader.defineClass;java.security.SecureClassLoader.defineClass;java.lang.ClassLoader.defineClass;java.lang.ClassLoader.defineClass1,0.4437
java.lang.Thread.run;java.util.concurrent.ThreadPoolExecutor$Worker.run;java.util.concurrent.ThreadPoolExecutor.runWorker;java.util.concurrent.FutureTask.run;java.util.concurrent.Executors$RunnableAdapter.call;java.util.concurrent.FutureTask.run;org.openjdk.jmh.runner.BenchmarkHandler$BenchmarkTask.call;org.openjdk.jmh.runner.BenchmarkHandler$BenchmarkTask.call;java.lang.reflect.Method.invoke;jdk.internal.reflect.DelegatingMethodAccessorImpl.invoke;jdk.internal.reflect.NativeMethodAccessorImpl.invoke;jdk.internal.reflect.NativeMethodAccessorImpl.invoke0;com.tfg.jsonbench.jackson.jmh_generated.JacksonBenchmark_serializar_jmhTest.serializar_AverageTime;com.tfg.jsonbench.jackson.jmh_generated.JacksonBenchmark_serializar_jmhTest.serializar_avgt_jmhStub;com.tfg.jsonbench.jackson.JacksonBenchmark.serializar;com.fasterxml.jackson.databind.ObjectMapper.writeValueAsString;com.fasterxml.jackson.databind.ObjectMapper._writeValueAndClose;com.fasterxml.jackson.databind.ser.DefaultSerializerProvider.serializeValue;com.fasterxml.jackson.databind.ser.DefaultSerializerProvider._serialize;com.fasterxml.jackson.databind.ser.BeanSerializer.serialize;com.fasterxml.jackson.databind.ser.std.BeanSerializerBase.serializeFields;com.fasterxml.jackson.databind.ser.BeanPropertyWriter.serializeAsField;com.fasterxml.jackson.databind.ser.impl.IndexedStringListSerializer.serialize;com.fasterxml.jackson.databind.ser.impl.IndexedStringListSerializer.serialize;com.fasterxml.jackson.databind.ser.impl.IndexedStringListSerializer.serializeContents,2.7732
java.lang.ref.Reference$ReferenceHandler.run;java.lang.ref.Reference.processPendingReferences;java.lang.ref.Reference.waitForReferencePendingList,0.0180
java.lang.Thread.run;java.util.concurrent.ThreadPoolExecutor$Worker.run;java.util.concurrent.ThreadPoolExecutor.runWorker;java.util.concurrent.FutureTask.run;java.util.concurrent.Executors$RunnableAdapter.call;java.util.concurrent.FutureTask.run;org.openjdk.jmh.runner.BenchmarkHandler$BenchmarkTask.call;org.openjdk.jmh.runner.BenchmarkHandler$BenchmarkTask.call;java.lang.reflect.Method.invoke;jdk.internal.reflect.DelegatingMethodAccessorImpl.invoke;jdk.internal.reflect.NativeMethodAccessorImpl.invoke;jdk.internal.reflect.NativeMethodAccessorImpl.invoke0;com.tfg.jsonbench.jackson.jmh_generated.JacksonBenchmark_serializar_jmhTest.serializar_AverageTime;com.tfg.jsonbench.jackson.jmh_generated.JacksonBenchmark_serializar_jmhTest.serializar_avgt_jmhStub;com.tfg.jsonbench.jackson.JacksonBenchmark.serializar;com.fasterxml.jackson.databind.ObjectMapper.writeValueAsString;com.fasterxml.jackson.databind.ObjectMapper._writeValueAndClose;com.fasterxml.jackson.databind.ser.DefaultSerializerProvider.serializeValue;com.fasterxml.jackson.databind.ser.DefaultSerializerProvider._serialize;com.fasterxml.jackson.databind.ser.BeanSerializer.serialize;com.fasterxml.jackson.databind.ser.std.BeanSerializerBase.serializeFields;com.fasterxml.jackson.databind.ser.BeanPropertyWriter.serializeAsField,39.8639
java.lang.Thread.run;java.util.concurrent.ThreadPoolExecutor$Worker.run;java.util.concurrent.ThreadPoolExecutor.runWorker;java.util.concurrent.FutureTask.run;java.util.concurrent.Executors$RunnableAdapter.call;java.util.concurrent.FutureTask.run;org.openjdk.jmh.runner.BenchmarkHandler$BenchmarkTask.call;org.openjdk.jmh.runner.BenchmarkHandler$BenchmarkTask.call;java.lang.reflect.Method.invoke;jdk.internal.reflect.DelegatingMethodAccessorImpl.invoke;jdk.internal.reflect.NativeMethodAccessorImpl.invoke;jdk.internal.reflect.NativeMethodAccessorImpl.invoke0;com.tfg.jsonbench.jackson.jmh_generated.JacksonBenchmark_serializar_jmhTest.serializar_AverageTime;com.tfg.jsonbench.jackson.jmh_generated.JacksonBenchmark_serializar_jmhTest.serializar_avgt_jmhStub;com.tfg.jsonbench.jackson.JacksonBenchmark.serializar;com.fasterxml.jackson.databind.ObjectMapper.writeValueAsString;com.fasterxml.jackson.databind.ObjectMapper._writeValueAndClose;com.fasterxml.jackson.databind.ser.DefaultSerializerProvider.serializeValue;com.fasterxml.jackson.databind.ser.DefaultSerializerProvider._serialize;com.fasterxml.jackson.databind.ser.BeanSerializer.serialize;com.fasterxml.jackson.databind.ser.std.BeanSerializerBase.serializeFields;com.fasterxml.jackson.databind.ser.BeanPropertyWriter.serializeAsField;com.fasterxml.jackson.databind.ser.std.NumberSerializers$IntegerSerializer.serialize;com.fasterxml.jackson.core.json.WriterBasedJsonGenerator.writeNumber;com.fasterxml.jackson.core.json.WriterBasedJsonGenerator._verifyValueWrite,0.4437
java.lang.Thread.run;java.util.concurrent.ThreadPoolExecutor$Worker.run;java.util.concurrent.ThreadPoolExecutor.runWorker;java.util.concurrent.FutureTask.run;java.util.concurrent.Executors$RunnableAdapter.call;java.util.concurrent.FutureTask.run;org.openjdk.jmh.runner.BenchmarkHandler$BenchmarkTask.call;org.openjdk.jmh.runner.BenchmarkHandler$BenchmarkTask.call;java.lang.reflect.Method.invoke;jdk.internal.reflect.DelegatingMethodAccessorImpl.invoke;jdk.internal.reflect.NativeMethodAccessorImpl.invoke;jdk.internal.reflect.NativeMethodAccessorImpl.invoke0;com.tfg.jsonbench.jackson.jmh_generated.JacksonBenchmark_serializar_jmhTest.serializar_AverageTime;com.tfg.jsonbench.jackson.jmh_generated.JacksonBenchmark_serializar_jmhTest.serializar_avgt_jmhStub;com.tfg.jsonbench.jackson.JacksonBenchmark.serializar;com.fasterxml.jackson.databind.ObjectMapper.writeValueAsString;com.fasterxml.jackson.databind.ObjectMapper._writeValueAndClose;com.fasterxml.jackson.databind.ser.DefaultSerializerProvider.serializeValue;com.fasterxml.jackson.databind.ser.DefaultSerializerProvider._serialize;com.fasterxml.jackson.databind.ser.BeanSerializer.serialize;com.fasterxml.jackson.databind.ser.std.BeanSerializerBase.serializeFields;com.fasterxml.jackson.databind.ser.BeanPropertyWriter.serializeAsField;com.fasterxml.jackson.databind.ser.impl.IndexedStringListSerializer.serialize;com.fasterxml.jackson.databind.ser.impl.IndexedStringListSerializer.serialize;com.fasterxml.jackson.databind.ser.impl.IndexedStringListSerializer.serializeContents;com.fasterxml.jackson.core.json.WriterBasedJsonGenerator.writeString;com.fasterxml.jackson.core.json.WriterBasedJsonGenerator._writeString;com.fasterxml.jackson.core.json.WriterBasedJsonGenerator._writeString2,132.2208
java.lang.Thread.run;java.util.concurrent.ThreadPoolExecutor$Worker.run;java.util.concurrent.ThreadPoolExecutor.runWorker;java.util.concurrent.FutureTask.run;java.util.concurrent.Executors$RunnableAdapter.call;java.util.concurrent.FutureTask.run;org.openjdk.jmh.runner.BenchmarkHandler$BenchmarkTask.call;org.openjdk.jmh.runner.BenchmarkHandler$BenchmarkTask.call;java.lang.reflect.Method.invoke;jdk.internal.reflect.DelegatingMethodAccessorImpl.invoke;jdk.internal.reflect.NativeMethodAccessorImpl.invoke;jdk.internal.reflect.NativeMethodAccessorImpl.invoke0;com.tfg.jsonbench.jackson.jmh_generated.JacksonBenchmark_serializar_jmhTest.serializar_AverageTime;com.tfg.jsonbench.jackson.jmh_generated.JacksonBenchmark_serializar_jmhTest.serializar_avgt_jmhStub;com.tfg.jsonbench.jackson.JacksonBenchmark.serializar;com.fasterxml.jackson.databind.ObjectMapper.writeValueAsString;com.fasterxml.jackson.databind.ObjectMapper._writeValueAndClose;com.fasterxml.jackson.databind.ser.DefaultSerializerProvider.serializeValue;com.fasterxml.jackson.databind.ser.DefaultSerializerProvider._serialize;com.fasterxml.jackson.databind.ser.BeanSerializer.serialize,2.9624
java.lang.Thread.run;java.util.concurrent.ThreadPoolExecutor$Worker.run;java.util.concurrent.ThreadPoolExecutor.runWorker;java.util.concurrent.FutureTask.run;java.util.concurrent.Executors$RunnableAdapter.call;java.util.concurrent.FutureTask.run;org.openjdk.jmh.runner.BenchmarkHandler$BenchmarkTask.call;org.openjdk.jmh.runner.BenchmarkHandler$BenchmarkTask.call;java.lang.reflect.Method.invoke;jdk.internal.reflect.DelegatingMethodAccessorImpl.invoke;jdk.internal.reflect.NativeMethodAccessorImpl.invoke;jdk.internal.reflect.NativeMethodAccessorImpl.invoke0;com.tfg.jsonbench.jackson.jmh_generated.JacksonBenchmark_serializar_jmhTest.serializar_AverageTime;com.tfg.jsonbench.jackson.jmh_generated.JacksonBenchmark_serializar_jmhTest.serializar_avgt_jmhStub;com.tfg.jsonbench.jackson.JacksonBenchmark.serializar;com.fasterxml.jackson.databind.ObjectMapper.writeValueAsString,3.9932
java.lang.Thread.run;java.util.concurrent.ThreadPoolExecutor$Worker.run;java.util.concurrent.ThreadPoolExecutor.runWorker;java.util.concurrent.FutureTask.run;java.util.concurrent.Executors$RunnableAdapter.call;java.util.concurrent.FutureTask.run;org.openjdk.jmh.runner.BenchmarkHandler$BenchmarkTask.call;org.openjdk.jmh.runner.BenchmarkHandler$BenchmarkTask.call;java.lang.reflect.Method.invoke;jdk.internal.reflect.DelegatingMethodAccessorImpl.invoke;jdk.internal.reflect.NativeMethodAccessorImpl.invoke;jdk.internal.reflect.NativeMethodAccessorImpl.invoke0;com.tfg.jsonbench.jackson.jmh_generated.JacksonBenchmark_serializar_jmhTest.serializar_AverageTime;com.tfg.jsonbench.jackson.jmh_generated.JacksonBenchmark_serializar_jmhTest.serializar_avgt_jmhStub;com.tfg.jsonbench.jackson.JacksonBenchmark.serializar;com.fasterxml.jackson.databind.ObjectMapper.writeValueAsString;com.fasterxml.jackson.databind.ObjectMapper._writeValueAndClose;com.fasterxml.jackson.core.json.WriterBasedJsonGenerator.close,0.4437
java.lang.Thread.run;java.util.concurrent.ThreadPoolExecutor$Worker.run;java.util.concurrent.ThreadPoolExecutor.runWorker;java.util.concurrent.FutureTask.run;java.util.concurrent.Executors$RunnableAdapter.call;java.util.concurrent.FutureTask.run;org.openjdk.jmh.runner.BenchmarkHandler$BenchmarkTask.call;org.openjdk.jmh.runner.BenchmarkHandler$BenchmarkTask.call;java.lang.reflect.Method.invoke;jdk.internal.reflect.DelegatingMethodAccessorImpl.invoke;jdk.internal.reflect.NativeMethodAccessorImpl.invoke;jdk.internal.reflect.NativeMethodAccessorImpl.invoke0;com.tfg.jsonbench.jackson.jmh_generated.JacksonBenchmark_serializar_jmhTest.serializar_AverageTime;com.tfg.jsonbench.jackson.jmh_generated.JacksonBenchmark_serializar_jmhTest.serializar_avgt_jmhStub;com.tfg.jsonbench.jackson.JacksonBenchmark.serializar;com.fasterxml.jackson.databind.ObjectMapper.writeValueAsString;com.fasterxml.jackson.databind.ObjectMapper._writeValueAndClose;com.fasterxml.jackson.databind.ser.DefaultSerializerProvider.serializeValue;com.fasterxml.jackson.databind.ser.DefaultSerializerProvider._serialize;com.fasterxml.jackson.databind.ser.BeanSerializer.serialize;com.fasterxml.jackson.databind.ser.std.BeanSerializerBase.serializeFields;com.fasterxml.jackson.databind.ser.BeanPropertyWriter.serializeAsField;com.fasterxml.jackson.databind.ser.impl.IndexedStringListSerializer.serialize;com.fasterxml.jackson.databind.ser.impl.IndexedStringListSerializer.serialize,1.1390
org.openjdk.jmh.runner.ForkedMain.main;org.openjdk.jmh.runner.ForkedRunner.run;org.openjdk.jmh.runner.BaseRunner.runBenchmarksForked;org.openjdk.jmh.runner.BaseRunner.doSingle;org.openjdk.jmh.runner.BaseRunner.runBenchmark;org.openjdk.jmh.runner.BaseRunner.runBenchmark;jdk.proxy1.$Proxy0.iterationResult;org.openjdk.jmh.runner.link.BinaryLinkClient$$Lambda$73/0x0000746c9000c3f8.invoke;org.openjdk.jmh.runner.link.BinaryLinkClient.lambda$new$0;org.openjdk.jmh.runner.link.BinaryLinkClient.pushFrame;java.io.ObjectOutputStream.writeObject;java.io.ObjectOutputStream.writeObject0;java.io.ObjectOutputStream.writeOrdinaryObject;java.io.ObjectOutputStream.writeSerialData;java.io.ObjectOutputStream.defaultWriteFields;java.io.ObjectOutputStream.writeObject0;java.io.ObjectOutputStream.writeArray;java.io.ObjectOutputStream.writeObject0;java.io.ObjectOutputStream.writeOrdinaryObject;java.io.ObjectOutputStream.writeSerialData;java.io.ObjectOutputStream.defaultWriteFields;java.io.ObjectOutputStream.writeObject0;java.io.ObjectOutputStream.writeOrdinaryObject;java.io.ObjectOutputStream.writeSerialData;java.io.ObjectOutputStream.defaultWriteFields;java.io.ObjectOutputStream.writeObject0;java.io.ObjectOutputStream.writeOrdinaryObject;java.io.ObjectOutputStream.writeSerialData;java.io.ObjectOutputStream.defaultWriteFields;java.io.ObjectOutputStream.writeObject0;java.io.ObjectStreamClass.lookup;java.io.ClassCache.get;java.lang.ClassValue.get;java.lang.ClassValue.getFromBackup;java.lang.ClassValue.getFromHashMap;java.io.ClassCache$1.computeValue;java.io.ClassCache$1.computeValue;java.io.ObjectStreamClass$Caches$1.computeValue;java.io.ObjectStreamClass$Caches$1.computeValue;java.io.ObjectStreamClass.<init>;java.io.ObjectStreamClass.lookup;java.io.ClassCache.get;java.lang.ClassValue.get;java.lang.ClassValue.getFromBackup;java.lang.ClassValue.getFromHashMap;java.io.ClassCache$1.computeValue;java.io.ClassCache$1.computeValue;java.io.ObjectStreamClass$Caches$1.computeValue;java.io.ObjectStreamClass$Caches$1.computeValue;java.io.ObjectStreamClass.<init>;java.security.AccessController.doPrivileged;java.security.AccessController.executePrivileged;java.io.ObjectStreamClass$2.run;java.io.ObjectStreamClass$2.run;java.io.ObjectStreamClass.getDeclaredSUID;java.lang.reflect.Field.getLong;java.lang.reflect.Field.getFieldAccessor;java.lang.reflect.Field.acquireFieldAccessor;jdk.internal.reflect.ReflectionFactory.newFieldAccessor,0.0011
java.lang.Thread.run;java.util.concurrent.ThreadPoolExecutor$Worker.run;java.util.concurrent.ThreadPoolExecutor.runWorker;java.util.concurrent.FutureTask.run;java.util.concurrent.Executors$RunnableAdapter.call;java.util.concurrent.FutureTask.run;org.openjdk.jmh.runner.BenchmarkHandler$BenchmarkTask.call;org.openjdk.jmh.runner.BenchmarkHandler$BenchmarkTask.call;java.lang.reflect.Method.invoke;jdk.internal.reflect.DelegatingMethodAccessorImpl.invoke;jdk.internal.reflect.NativeMethodAccessorImpl.invoke;jdk.internal.reflect.NativeMethodAccessorImpl.invoke0;com.tfg.jsonbench.jackson.jmh_generated.JacksonBenchmark_serializar_jmhTest.serializar_AverageTime;com.tfg.jsonbench.jackson.jmh_generated.JacksonBenchmark_serializar_jmhTest.serializar_avgt_jmhStub;com.tfg.jsonbench.jackson.JacksonBenchmark.serializar;com.fasterxml.jackson.databind.ObjectMapper.writeValueAsString;com.fasterxml.jackson.databind.ObjectMapper.createGenerator,4.8043
java.lang.Thread.run;java.util.concurrent.ThreadPoolExecutor$Worker.run;java.util.concurrent.ThreadPoolExecutor.runWorker;java.util.concurrent.FutureTask.run;java.util.concurrent.Executors$RunnableAdapter.call;java.util.concurrent.FutureTask.run;org.openjdk.jmh.runner.BenchmarkHandler$BenchmarkTask.call;org.openjdk.jmh.runner.BenchmarkHandler$BenchmarkTask.call;java.lang.reflect.Method.invoke;jdk.internal.reflect.DelegatingMethodAccessorImpl.invoke;jdk.internal.reflect.NativeMethodAccessorImpl.invoke;jdk.internal.reflect.NativeMethodAccessorImpl.invoke0;com.tfg.jsonbench.jackson.jmh_generated.JacksonBenchmark_serializar_jmhTest.serializar_AverageTime;com.tfg.jsonbench.jackson.jmh_generated.JacksonBenchmark_serializar_jmhTest.serializar_avgt_jmhStub,2.9532
java.lang.Thread.run;java.util.concurrent.ThreadPoolExecutor$Worker.run;java.util.concurrent.ThreadPoolExecutor.runWorker;java.util.concurrent.FutureTask.run;java.util.concurrent.Executors$RunnableAdapter.call;java.util.concurrent.FutureTask.run;org.openjdk.jmh.runner.BenchmarkHandler$BenchmarkTask.call;org.openjdk.jmh.runner.BenchmarkHandler$BenchmarkTask.call;java.lang.reflect.Method.invoke;jdk.internal.reflect.DelegatingMethodAccessorImpl.invoke;jdk.internal.reflect.NativeMethodAccessorImpl.invoke;jdk.internal.reflect.NativeMethodAccessorImpl.invoke0;com.tfg.jsonbench.jackson.jmh_generated.JacksonBenchmark_serializar_jmhTest.serializar_AverageTime;com.tfg.jsonbench.jackson.jmh_generated.JacksonBenchmark_serializar_jmhTest.serializar_avgt_jmhStub;com.tfg.jsonbench.jackson.JacksonBenchmark.serializar,83.3667
org.openjdk.jmh.runner.ForkedMain.main;org.openjdk.jmh.runner.ForkedRunner.run;org.openjdk.jmh.runner.BaseRunner.runBenchmarksForked;org.openjdk.jmh.runner.BaseRunner.doSingle;org.openjdk.jmh.runner.BaseRunner.runBenchmark;org.openjdk.jmh.runner.BaseRunner.runBenchmark;org.openjdk.jmh.runner.BenchmarkHandler.runIteration;org.openjdk.jmh.runner.InfraControl.awaitWarmdownReady;org.openjdk.jmh.runner.InfraControlL2.awaitWarmdownReady;java.util.concurrent.CountDownLatch.await;java.util.concurrent.locks.AbstractQueuedSynchronizer.acquireSharedInterruptibly;java.util.concurrent.locks.AbstractQueuedSynchronizer.acquire,0.0019
java.lang.Thread.run;java.util.concurrent.ThreadPoolExecutor$Worker.run;java.util.concurrent.ThreadPoolExecutor.runWorker;java.util.concurrent.FutureTask.run;java.util.concurrent.Executors$RunnableAdapter.call;java.util.concurrent.FutureTask.run;org.openjdk.jmh.runner.BenchmarkHandler$BenchmarkTask.call;org.openjdk.jmh.runner.BenchmarkHandler$BenchmarkTask.call;java.lang.reflect.Method.invoke;jdk.internal.reflect.DelegatingMethodAccessorImpl.invoke;jdk.internal.reflect.NativeMethodAccessorImpl.invoke;jdk.internal.reflect.NativeMethodAccessorImpl.invoke0;com.tfg.jsonbench.jackson.jmh_generated.JacksonBenchmark_serializar_jmhTest.serializar_AverageTime;com.tfg.jsonbench.jackson.jmh_generated.JacksonBenchmark_serializar_jmhTest.serializar_avgt_jmhStub;com.tfg.jsonbench.jackson.JacksonBenchmark.serializar;com.fasterxml.jackson.databind.ObjectMapper.writeValueAsString;com.fasterxml.jackson.core.io.SegmentedStringWriter.getAndClear;com.fasterxml.jackson.core.util.TextBuffer.contentsAsString;java.lang.String.<init>;java.lang.String.<init>;java.lang.StringUTF16.compress,0.4437
org.openjdk.jmh.runner.ForkedMain.main;org.openjdk.jmh.runner.ForkedRunner.run;org.openjdk.jmh.runner.BaseRunner.runBenchmarksForked;org.openjdk.jmh.runner.BaseRunner.doSingle;org.openjdk.jmh.runner.BaseRunner.runBenchmark;org.openjdk.jmh.runner.BaseRunner.runBenchmark;jdk.proxy1.$Proxy0.iteration;org.openjdk.jmh.runner.link.BinaryLinkClient$$Lambda$73/0x0000746c9000c3f8.invoke;org.openjdk.jmh.runner.link.BinaryLinkClient.lambda$new$0;org.openjdk.jmh.runner.link.BinaryLinkClient.pushFrame;java.io.ObjectOutputStream.writeObject;java.io.ObjectOutputStream.writeObject0;java.io.ObjectOutputStream.writeOrdinaryObject;java.io.ObjectOutputStream.writeSerialData;java.io.ObjectOutputStream.defaultWriteFields;java.io.ObjectOutputStream.writeObject0;java.io.ObjectOutputStream.writeArray;java.io.ObjectOutputStream.writeObject0;java.io.ObjectStreamClass.lookup;java.io.ClassCache.get;java.lang.ClassValue.get;java.lang.ClassValue.getFromBackup;java.lang.ClassValue.getFromHashMap;java.io.ClassCache$1.computeValue;java.io.ClassCache$1.computeValue;java.io.ObjectStreamClass$Caches$1.computeValue;java.io.ObjectStreamClass$Caches$1.computeValue;java.io.ObjectStreamClass.<init>;java.io.ObjectStreamClass.lookup;java.io.ClassCache.get;java.lang.ClassValue.get;java.lang.ClassValue.getFromBackup;java.lang.ClassValue.getFromHashMap;java.io.ClassCache$1.computeValue;java.io.ClassCache$1.computeValue;java.io.ObjectStreamClass$Caches$1.computeValue;java.io.ObjectStreamClass$Caches$1.computeValue;java.io.ObjectStreamClass.<init>;java.security.AccessController.doPrivileged;java.security.AccessController.executePrivileged;java.io.ObjectStreamClass$2.run;java.io.ObjectStreamClass$2.run;java.io.ObjectStreamClass.getSerializableConstructor;jdk.internal.reflect.ReflectionFactory.newConstructorForSerialization;jdk.internal.reflect.ReflectionFactory.generateConstructor;jdk.internal.reflect.MethodAccessorGenerator.generateSerializationConstructor;jdk.internal.reflect.MethodAccessorGenerator.generate;jdk.internal.reflect.AccessorGenerator.emitBoxingContantPoolEntries;jdk.internal.reflect.ClassFileAssembler.emitConstantPoolUTF8;jdk.internal.reflect.UTF8.encode;jdk.internal.reflect.UTF8.utf8Length,0.0925
java.lang.Thread.run;java.util.concurrent.ThreadPoolExecutor$Worker.run;java.util.concurrent.ThreadPoolExecutor.runWorker;java.util.concurrent.FutureTask.run;java.util.concurrent.Executors$RunnableAdapter.call;java.util.concurrent.FutureTask.run;org.openjdk.jmh.runner.BenchmarkHandler$BenchmarkTask.call;org.openjdk.jmh.runner.BenchmarkHandler$BenchmarkTask.call;java.lang.reflect.Method.invoke;jdk.internal.reflect.DelegatingMethodAccessorImpl.invoke;jdk.internal.reflect.NativeMethodAccessorImpl.invoke;jdk.internal.reflect.NativeMethodAccessorImpl.invoke0;com.tfg.jsonbench.jackson.jmh_generated.JacksonBenchmark_serializar_jmhTest.serializar_AverageTime;com.tfg.jsonbench.jackson.jmh_generated.JacksonBenchmark_serializar_jmhTest.serializar_avgt_jmhStub;com.tfg.jsonbench.jackson.JacksonBenchmark.serializar;com.fasterxml.jackson.databind.ObjectMapper.writeValueAsString;com.fasterxml.jackson.databind.ObjectMapper.createGenerator;com.fasterxml.jackson.core.JsonFactory.createGenerator;com.fasterxml.jackson.core.JsonFactory._createGenerator;com.fasterxml.jackson.core.json.WriterBasedJsonGenerator.<init>;com.fasterxml.jackson.core.json.JsonGeneratorImpl.<init>;com.fasterxml.jackson.core.base.GeneratorBase.<init>;com.fasterxml.jackson.core.json.JsonWriteContext.createRootContext,0.4437
org.openjdk.jmh.runner.ForkedMain.main;org.openjdk.jmh.runner.link.BinaryLinkClient.<init>;java.lang.reflect.Proxy.newProxyInstance;java.lang.reflect.Proxy.getProxyConstructor;jdk.internal.loader.AbstractClassLoaderValue.computeIfAbsent;jdk.internal.loader.AbstractClassLoaderValue$Memoizer.get;java.lang.reflect.Proxy$$Lambda$74/0x0000746c900756f8.apply;java.lang.reflect.Proxy.lambda$getProxyConstructor$0;java.lang.reflect.Proxy$ProxyBuilder.<init>;java.lang.reflect.Proxy$ProxyBuilder.<init>;java.lang.reflect.Proxy$ProxyBuilder.referencedTypes;java.lang.Class.getMethods;java.lang.Class.privateGetPublicMethods;java.lang.Class.privateGetDeclaredMethods;java.lang.Class.getDeclaredMethods0;java.lang.ClassLoader.loadClass;jdk.internal.loader.ClassLoaders$AppClassLoader.loadClass;jdk.internal.loader.BuiltinClassLoader.loadClass;jdk.internal.loader.BuiltinClassLoader.loadClassOrNull;jdk.internal.loader.BuiltinClassLoader.findClassOnClassPathOrNull;jdk.internal.loader.BuiltinClassLoader.defineClass;java.security.SecureClassLoader.defineClass;java.lang.ClassLoader.defineClass;java.lang.ClassLoader.defineClass1;java.lang.ClassLoader.loadClass;jdk.internal.loader.ClassLoaders$AppClassLoader.loadClass;jdk.internal.loader.BuiltinClassLoader.loadClass;jdk.internal.loader.BuiltinClassLoader.loadClassOrNull;jdk.internal.loader.BuiltinClassLoader.findClassOnClassPathOrNull;jdk.internal.loader.BuiltinClassLoader.defineClass;java.security.SecureClassLoader.defineClass;java.lang.ClassLoader.defineClass;java.lang.ClassLoader.defineClass1;java.lang.ClassLoader.loadClass;jdk.internal.loader.ClassLoaders$AppClassLoader.loadClass;jdk.internal.loader.BuiltinClassLoader.loadClass;jdk.internal.loader.BuiltinClassLoader.loadClassOrNull;jdk.internal.loader.BuiltinClassLoader.findClassOnClassPathOrNull;jdk.internal.loader.BuiltinClassLoader.defineClass;jdk.internal.loader.URLClassPath$JarLoader$2.getBytes;jdk.internal.loader.Resource.getBytes;java.util.zip.InflaterInputStream.read;java.util.zip.Inflater.inflate;java.util.zip.ZipUtils.getBufferArray,0.0925
org.openjdk.jmh.runner.ForkedMain.main;org.openjdk.jmh.runner.ForkedRunner.run;org.openjdk.jmh.runner.BaseRunner.runBenchmarksForked;org.openjdk.jmh.runner.BaseRunner.doSingle;org.openjdk.jmh.runner.BaseRunner.runBenchmark;org.openjdk.jmh.runner.BaseRunner.runBenchmark;jdk.proxy1.$Proxy0.iteration;org.openjdk.jmh.runner.link.BinaryLinkClient$$Lambda$73/0x0000746c9000c3f8.invoke;org.openjdk.jmh.runner.link.BinaryLinkClient.lambda$new$0;org.openjdk.jmh.runner.link.BinaryLinkClient.pushFrame;java.io.ObjectOutputStream.writeObject;java.io.ObjectOutputStream.writeObject0;java.io.ObjectOutputStream.writeOrdinaryObject;java.io.ObjectOutputStream.writeSerialData;java.io.ObjectOutputStream.defaultWriteFields;java.io.ObjectOutputStream.writeObject0;java.io.ObjectOutputStream.writeArray;java.io.ObjectOutputStream.writeClassDesc;java.io.ObjectOutputStream.writeNonProxyDesc;java.io.ObjectOutputStream.writeClassDescriptor;java.io.ObjectStreamClass.writeNonProxy;java.io.ObjectStreamClass.getSerialVersionUID;java.security.AccessController.doPrivileged;java.security.AccessController.executePrivileged;java.io.ObjectStreamClass$1.run;java.io.ObjectStreamClass$1.run;java.io.ObjectStreamClass.computeDefaultSUID,0.0925
org.openjdk.jmh.runner.ForkedMain.main;java.lang.ClassLoader.loadClass;jdk.internal.loader.ClassLoaders$AppClassLoader.loadClass;jdk.internal.loader.BuiltinClassLoader.loadClass;jdk.internal.loader.BuiltinClassLoader.loadClassOrNull;jdk.internal.loader.BuiltinClassLoader.findClassOnClassPathOrNull;jdk.internal.loader.BuiltinClassLoader.defineClass;java.security.SecureClassLoader.defineClass;java.lang.ClassLoader.defineClass;java.lang.ClassLoader.defineClass1,0.0925
java.lang.Thread.run;java.util.concurrent.ThreadPoolExecutor$Worker.run;java.util.concurrent.ThreadPoolExecutor.runWorker;java.util.concurrent.FutureTask.run;java.util.concurrent.Executors$RunnableAdapter.call;java.util.concurrent.FutureTask.run;org.openjdk.jmh.runner.BenchmarkHandler$BenchmarkTask.call;org.openjdk.jmh.runner.BenchmarkHandler$BenchmarkTask.call;java.lang.reflect.Method.invoke;jdk.internal.reflect.DelegatingMethodAccessorImpl.invoke;jdk.internal.reflect.NativeMethodAccessorImpl.invoke;jdk.internal.reflect.NativeMethodAccessorImpl.invoke0;com.tfg.jsonbench.jackson.jmh_generated.JacksonBenchmark_serializar_jmhTest.serializar_AverageTime;com.tfg.jsonbench.jackson.jmh_generated.JacksonBenchmark_serializar_jmhTest._jmh_tryInit_f_jacksonbenchmark0_0;com.tfg.jsonbench.jackson.JacksonBenchmark.preparar;com.fasterxml.jackson.databind.ObjectMapper.writeValueAsString;com.fasterxml.jackson.databind.ObjectMapper._writeValueAndClose;com.fasterxml.jackson.databind.ser.DefaultSerializerProvider.serializeValue;com.fasterxml.jackson.databind.SerializerProvider.findTypedValueSerializer;com.fasterxml.jackson.databind.SerializerProvider.findValueSerializer;com.fasterxml.jackson.databind.SerializerProvider._createAndCacheUntypedSerializer;com.fasterxml.jackson.databind.SerializerProvider._createUntypedSerializer;com.fasterxml.jackson.databind.ser.BeanSerializerFactory.createSerializer;com.fasterxml.jackson.databind.ser.BeanSerializerFactory._createSerializer2;com.fasterxml.jackson.databind.ser.BeanSerializerFactory.findBeanOrAddOnSerializer;com.fasterxml.jackson.databind.ser.BeanSerializerFactory.constructBeanOrAddOnSerializer;com.fasterxml.jackson.databind.ser.BeanSerializerFactory.findBeanProperties;com.fasterxml.jackson.databind.ser.BeanSerializerFactory._constructWriter;com.fasterxml.jackson.databind.ser.PropertyBuilder.buildWriter;com.fasterxml.jackson.databind.ser.PropertyBuilder._constructPropertyWriter;com.fasterxml.jackson.databind.ser.BeanPropertyWriter.<init>;java.lang.ClassLoader.loadClass;jdk.internal.loader.ClassLoaders$AppClassLoader.loadClass;jdk.internal.loader.BuiltinClassLoader.loadClass;jdk.internal.loader.BuiltinClassLoader.loadClassOrNull;java.lang.ClassLoader.getClassLoadingLock;java.util.concurrent.ConcurrentHashMap.putIfAbsent;java.util.concurrent.ConcurrentHashMap.putVal;java.lang.String.hashCode;java.lang.StringLatin1.hashCode,0.4437
java.lang.Thread.run;java.util.concurrent.ThreadPoolExecutor$Worker.run;java.util.concurrent.ThreadPoolExecutor.runWorker;java.util.concurrent.FutureTask.run;java.util.concurrent.Executors$RunnableAdapter.call;java.util.concurrent.FutureTask.run;org.openjdk.jmh.runner.BenchmarkHandler$BenchmarkTask.call;org.openjdk.jmh.runner.BenchmarkHandler$BenchmarkTask.call;java.lang.reflect.Method.invoke;jdk.internal.reflect.DelegatingMethodAccessorImpl.invoke;jdk.internal.reflect.NativeMethodAccessorImpl.invoke;jdk.internal.reflect.NativeMethodAccessorImpl.invoke0;com.tfg.jsonbench.jackson.jmh_generated.JacksonBenchmark_serializar_jmhTest.serializar_AverageTime;com.tfg.jsonbench.jackson.jmh_generated.JacksonBenchmark_serializar_jmhTest._jmh_tryInit_f_jacksonbenchmark0_0;com.tfg.jsonbench.jackson.JacksonBenchmark.preparar;com.fasterxml.jackson.databind.ObjectMapper.<init>;com.fasterxml.jackson.databind.ObjectMapper.<init>;com.fasterxml.jackson.databind.SerializerProvider.<clinit>,0.4437
java.lang.Thread.run;java.util.concurrent.ThreadPoolExecutor$Worker.run;java.util.concurrent.ThreadPoolExecutor.runWorker;java.util.concurrent.FutureTask.run;java.util.concurrent.Executors$RunnableAdapter.call;java.util.concurrent.FutureTask.run;org.openjdk.jmh.runner.BenchmarkHandler$BenchmarkTask.call;org.openjdk.jmh.runner.BenchmarkHandler$BenchmarkTask.call;java.lang.reflect.Method.invoke;jdk.internal.reflect.DelegatingMethodAccessorImpl.invoke;jdk.internal.reflect.NativeMethodAccessorImpl.invoke;jdk.internal.reflect.NativeMethodAccessorImpl.invoke0;com.tfg.jsonbench.jackson.jmh_generated.JacksonBenchmark_serializar_jmhTest.serializar_AverageTime;com.tfg.jsonbench.jackson.jmh_generated.JacksonBenchmark_serializar_jmhTest._jmh_tryInit_f_jacksonbenchmark0_0;com.tfg.jsonbench.jackson.JacksonBenchmark.preparar;com.fasterxml.jackson.databind.ObjectMapper.<clinit>,0.4437
java.lang.Thread.run;java.util.concurrent.ThreadPoolExecutor$Worker.run;java.util.concurrent.ThreadPoolExecutor.runWorker;java.util.concurrent.FutureTask.run;java.util.concurrent.Executors$RunnableAdapter.call;java.util.concurrent.FutureTask.run;org.openjdk.jmh.runner.BenchmarkHandler$BenchmarkTask.call;org.openjdk.jmh.runner.BenchmarkHandler$BenchmarkTask.call;java.lang.reflect.Method.invoke;jdk.internal.reflect.DelegatingMethodAccessorImpl.invoke;jdk.internal.reflect.NativeMethodAccessorImpl.invoke;jdk.internal.reflect.NativeMethodAccessorImpl.invoke0;com.tfg.jsonbench.jackson.jmh_generated.JacksonBenchmark_serializar_jmhTest.serializar_AverageTime;com.tfg.jsonbench.jackson.jmh_generated.JacksonBenchmark_serializar_jmhTest._jmh_tryInit_f_jacksonbenchmark0_0;com.tfg.jsonbench.jackson.JacksonBenchmark.preparar;com.fasterxml.jackson.databind.ObjectMapper.<clinit>;java.lang.ClassLoader.loadClass;jdk.internal.loader.ClassLoaders$AppClassLoader.loadClass;jdk.internal.loader.BuiltinClassLoader.loadClass;jdk.internal.loader.BuiltinClassLoader.loadClassOrNull;jdk.internal.loader.BuiltinClassLoader.findClassOnClassPathOrNull;jdk.internal.loader.BuiltinClassLoader.defineClass;java.security.SecureClassLoader.defineClass;java.lang.ClassLoader.defineClass;java.lang.ClassLoader.defineClass1,0.4437
org.openjdk.jmh.runner.ForkedMain.main;org.openjdk.jmh.runner.ForkedRunner.run;org.openjdk.jmh.runner.link.BinaryLinkClient.requestPlan;org.openjdk.jmh.runner.link.BinaryLinkClient.readFrame;java.io.ObjectInputStream.readObject;java.io.ObjectInputStream.readObject;java.io.ObjectInputStream.readObject0;java.io.ObjectInputStream.readOrdinaryObject;java.io.ObjectInputStream.readSerialData;java.io.ObjectInputStream$FieldValues.<init>;java.io.ObjectInputStream.readObject0;java.io.ObjectInputStream.readOrdinaryObject;java.io.ObjectInputStream.readSerialData;java.io.ObjectInputStream$FieldValues.<init>;java.io.ObjectInputStream.readObject0;java.io.ObjectInputStream.readOrdinaryObject;java.io.ObjectInputStream.readSerialData;java.io.ObjectStreamClass.invokeReadObject;java.lang.reflect.Method.invoke;jdk.internal.reflect.DelegatingMethodAccessorImpl.invoke;jdk.internal.reflect.NativeMethodAccessorImpl.invoke;jdk.internal.reflect.NativeMethodAccessorImpl.invoke0;java.util.ArrayList.readObject;java.io.ObjectInputStream.readObject;java.io.ObjectInputStream.readObject;java.io.ObjectInputStream.readObject0;java.io.ObjectInputStream.readOrdinaryObject;java.io.ObjectInputStream.readSerialData;java.io.ObjectInputStream$FieldValues.<init>;java.io.ObjectInputStream.readObject0;java.io.ObjectInputStream.readOrdinaryObject;java.io.ObjectInputStream.readClassDesc;java.io.ObjectInputStream.readNonProxyDesc;java.io.ObjectInputStream.readClassDesc;java.io.ObjectInputStream.readNonProxyDesc;java.io.ObjectInputStream.readClassDesc;java.io.ObjectInputStream.readNonProxyDesc;java.io.ObjectStreamClass.initNonProxy;java.io.ObjectStreamClass.lookup;java.io.ClassCache.get;java.lang.ClassValue.get;java.lang.ClassValue.getFromBackup;java.lang.ClassValue.getFromHashMap;java.io.ClassCache$1.computeValue;java.io.ClassCache$1.computeValue;java.io.ObjectStreamClass$Caches$1.computeValue;java.io.ObjectStreamClass$Caches$1.computeValue;java.io.ObjectStreamClass.<init>;java.io.ObjectStreamClass.getReflector;java.io.ObjectStreamClass.matchFields,0.0925
java.lang.Thread.run;java.util.concurrent.ThreadPoolExecutor$Worker.run;java.util.concurrent.ThreadPoolExecutor.runWorker;java.util.concurrent.FutureTask.run;java.util.concurrent.Executors$RunnableAdapter.call;java.util.concurrent.FutureTask.run;org.openjdk.jmh.runner.BenchmarkHandler$BenchmarkTask.call;org.openjdk.jmh.runner.BenchmarkHandler$BenchmarkTask.call;java.lang.reflect.Method.invoke;jdk.internal.reflect.DelegatingMethodAccessorImpl.invoke;jdk.internal.reflect.NativeMethodAccessorImpl.invoke;jdk.internal.reflect.NativeMethodAccessorImpl.invoke0;com.tfg.jsonbench.jackson.jmh_generated.JacksonBenchmark_serializar_jmhTest.serializar_AverageTime;com.tfg.jsonbench.jackson.jmh_generated.JacksonBenchmark_serializar_jmhTest.serializar_avgt_jmhStub;com.tfg.jsonbench.jackson.JacksonBenchmark.serializar;com.fasterxml.jackson.databind.ObjectMapper.writeValueAsString;com.fasterxml.jackson.databind.ObjectMapper._writeValueAndClose;com.fasterxml.jackson.core.json.WriterBasedJsonGenerator.close;com.fasterxml.jackson.core.json.WriterBasedJsonGenerator._flushBuffer;com.fasterxml.jackson.core.io.SegmentedStringWriter.write;com.fasterxml.jackson.core.util.TextBuffer.append;com.fasterxml.jackson.core.util.TextBuffer.unshare;com.fasterxml.jackson.core.util.TextBuffer.buf,0.4437
org.openjdk.jmh.runner.ForkedMain.main;org.openjdk.jmh.runner.ForkedRunner.run;org.openjdk.jmh.runner.BaseRunner.runBenchmarksForked;org.openjdk.jmh.runner.BaseRunner.doSingle;org.openjdk.jmh.runner.BaseRunner.runBenchmark;org.openjdk.jmh.runner.BenchmarkHandler.<init>;org.openjdk.jmh.runner.BenchmarkHandler.findBenchmarkMethod;org.openjdk.jmh.util.ClassUtils.enumerateMethods;java.lang.Class.getDeclaredMethods;java.lang.Class.privateGetDeclaredMethods;java.lang.Class.getDeclaredMethods0;java.lang.ClassLoader.loadClass;jdk.internal.loader.ClassLoaders$AppClassLoader.loadClass;jdk.internal.loader.BuiltinClassLoader.loadClass;jdk.internal.loader.BuiltinClassLoader.loadClassOrNull;jdk.internal.loader.BuiltinClassLoader.findClassOnClassPathOrNull;jdk.internal.loader.BuiltinClassLoader.defineClass;java.security.SecureClassLoader.defineClass;java.lang.ClassLoader.defineClass;java.lang.ClassLoader.defineClass1;java.lang.ClassLoader.loadClass;jdk.internal.loader.ClassLoaders$AppClassLoader.loadClass;jdk.internal.loader.BuiltinClassLoader.loadClass;jdk.internal.loader.BuiltinClassLoader.loadClassOrNull;jdk.internal.loader.BuiltinClassLoader.findClassOnClassPathOrNull;jdk.internal.loader.BuiltinClassLoader.defineClass;jdk.internal.loader.Resource.getByteBuffer;jdk.internal.loader.Resource.cachedInputStream;jdk.internal.loader.URLClassPath$JarLoader$2.getInputStream;java.util.jar.JarFile.getInputStream;java.util.zip.ZipFile.getInputStream;java.util.zip.ZipFile.ensureOpen,0.0925
org.openjdk.jmh.runner.ForkedMain.main;org.openjdk.jmh.runner.link.BinaryLinkClient.handshake;org.openjdk.jmh.util.Utils.getPid;sun.management.RuntimeImpl.getName;sun.management.VMManagementImpl.getVmId;java.lang.invoke.MethodHandleNatives.linkCallSite;java.lang.invoke.MethodHandleNatives.linkCallSiteImpl;java.lang.invoke.CallSite.makeSite;java.lang.invoke.BootstrapMethodInvoker.invoke;java.lang.invoke.Invokers$Holder.invokeExact_MT;java.lang.invoke.DelegatingMethodHandle$Holder.delegate;java.lang.invoke.DirectMethodHandle$Holder.invokeStatic;java.lang.invoke.StringConcatFactory.makeConcatWithConstants;java.lang.invoke.StringConcatFactory.generateMHInlineCopy;java.lang.invoke.MethodHandles.dropArguments;java.lang.invoke.MethodHandles.dropArguments0;java.lang.invoke.BoundMethodHandle$Species_L.copyWith;java.lang.invoke.BoundMethodHandle$Species_L.<init>;java.lang.invoke.BoundMethodHandle.<init>;java.lang.invoke.MethodHandle.<init>;java.lang.invoke.LambdaForm.prepare;java.lang.invoke.LambdaForm.compileToBytecode;java.lang.invoke.InvokerBytecodeGenerator.generateCustomizedCode;java.lang.invoke.InvokerBytecodeGenerator.generateCustomizedCodeBytes;java.lang.invoke.InvokerBytecodeGenerator.clinit;jdk.internal.org.objectweb.asm.MethodWriter.visitMaxs;jdk.internal.org.objectweb.asm.MethodWriter.computeAllFrames,0.0925
