org.openjdk.jmh.runner.ForkedMain.main;org.openjdk.jmh.runner.link.BinaryLinkClient.handshake;org.openjdk.jmh.util.Utils.getPid;sun.management.RuntimeImpl.getName;sun.management.VMManagementImpl.getVmId;java.lang.invoke.MethodHandleNatives.linkCallSite;java.lang.invoke.MethodHandleNatives.linkCallSiteImpl;java.lang.invoke.CallSite.makeSite;java.lang.invoke.BootstrapMethodInvoker.invoke;java.lang.invoke.Invokers$Holder.invokeExact_MT;java.lang.invoke.DelegatingMethodHandle$Holder.delegate;java.lang.invoke.DirectMethodHandle$Holder.invokeStatic;java.lang.invoke.StringConcatFactory.makeConcatWithConstants;java.lang.invoke.StringConcatFactory.generateMHInlineCopy;java.lang.invoke.StringConcatFactory.prepender;java.util.concurrent.ConcurrentHashMap.computeIfAbsent;java.lang.invoke.StringConcatFactory$2.apply;java.lang.invoke.StringConcatFactory$2.apply;java.util.concurrent.ConcurrentHashMap.computeIfAbsent;java.lang.invoke.StringConcatFactory$1.apply;java.lang.invoke.StringConcatFactory$1.apply;java.lang.invoke.DirectMethodHandle.rebind;java.lang.invoke.BoundMethodHandle.makeReinvoker;java.lang.invoke.DelegatingMethodHandle.makeReinvokerForm;java.lang.invoke.DelegatingMethodHandle.makeReinvokerForm;java.lang.invoke.LambdaForm.arguments,0.1000
java.lang.Thread.run;java.util.concurrent.ThreadPoolExecutor$Worker.run;java.util.concurrent.ThreadPoolExecutor.runWorker;java.util.concurrent.FutureTask.run;java.util.concurrent.Executors$RunnableAdapter.call;java.util.concurrent.FutureTask.run;org.openjdk.jmh.runner.BenchmarkHandler$BenchmarkTask.call;org.openjdk.jmh.runner.BenchmarkHandler$BenchmarkTask.call;java.lang.reflect.Method.invoke;jdk.internal.reflect.DelegatingMethodAccessorImpl.invoke;jdk.internal.reflect.NativeMethodAccessorImpl.invoke;jdk.internal.reflect.NativeMethodAccessorImpl.invoke0;com.tfg.jsonbench.gson.jmh_generated.GsonBenchmark_serializar_jmhTest.serializar_AverageTime;com.tfg.jsonbench.gson.jmh_generated.GsonBenchmark_serializar_jmhTest.serializar_avgt_jmhStub;com.tfg.jsonbench.gson.GsonBenchmark.serializar;com.google.gson.Gson.toJson;com.google.gson.Gson.toJson;com.google.gson.Gson.toJson;com.google.gson.Gson.toJson;com.google.gson.internal.bind.ReflectiveTypeAdapterFactory$Adapter.write;com.google.gson.stream.JsonWriter.endObject,6.7072
java.lang.Thread.run;java.util.concurrent.ThreadPoolExecutor$Worker.run;java.util.concurrent.ThreadPoolExecutor.runWorker;java.util.concurrent.FutureTask.run;java.util.concurrent.Executors$RunnableAdapter.call;java.util.concurrent.FutureTask.run;org.openjdk.jmh.runner.BenchmarkHandler$BenchmarkTask.call;org.openjdk.jmh.runner.BenchmarkHandler$BenchmarkTask.call;java.lang.reflect.Method.invoke;jdk.internal.reflect.DelegatingMethodAccessorImpl.invoke;jdk.internal.reflect.NativeMethodAccessorImpl.invoke;jdk.internal.reflect.NativeMethodAccessorImpl.invoke0;com.tfg.jsonbench.gson.jmh_generated.GsonBenchmark_serializar_jmhTest.serializar_AverageTime;com.tfg.jsonbench.gson.jmh_generated.GsonBenchmark_serializar_jmhTest.serializar_avgt_jmhStub;com.tfg.jsonbench.gson.GsonBenchmark.serializar;com.google.gson.Gson.toJson;com.google.gson.Gson.toJson;java.io.StringWriter.toString;java.lang.StringBuffer.toString;java.lang.StringLatin1.newString,0.3540
org.openjdk.jmh.runner.ForkedMain.main;java.lang.ClassLoader.loadClass;jdk.internal.loader.ClassLoaders$AppClassLoader.loadClass;jdk.internal.loader.BuiltinClassLoader.loadClass;jdk.internal.loader.BuiltinClassLoader.loadClassOrNull;java.lang.ClassLoader.findLoadedClass;java.lang.ClassLoader.findLoadedClass0,0.1000
java.lang.Thread.run;java.util.concurrent.ThreadPoolExecutor$Worker.run;java.util.concurrent.ThreadPoolExecutor.runWorker;java.util.concurrent.FutureTask.run;java.util.concurrent.Executors$RunnableAdapter.call;java.util.concurrent.FutureTask.run;org.openjdk.jmh.runner.BenchmarkHandler$BenchmarkTask.call;org.openjdk.jmh.runner.BenchmarkHandler$BenchmarkTask.call;java.lang.reflect.Method.invoke;jdk.internal.reflect.DelegatingMethodAccessorImpl.invoke;jdk.internal.reflect.NativeMethodAccessorImpl.invoke;jdk.internal.reflect.NativeMethodAccessorImpl.invoke0;com.tfg.jsonbench.gson.jmh_generated.GsonBenchmark_serializar_jmhTest.serializar_AverageTime;com.tfg.jsonbench.gson.jmh_generated.GsonBenchmark_serializar_jmhTest.serializar_avgt_jmhStub;com.tfg.jsonbench.gson.GsonBenchmark.serializar;com.google.gson.Gson.toJson;com.google.gson.Gson.toJson;com.google.gson.Gson.toJson;com.google.gson.Gson.toJson;com.google.gson.internal.bind.ReflectiveTypeAdapterFactory$Adapter.write;com.google.gson.internal.bind.ReflectiveTypeAdapterFactory$2.write;com.google.gson.internal.bind.TypeAdapterRuntimeTypeWrapper.write;com.google.gson.internal.bind.TypeAdapters$7.write;com.google.gson.internal.bind.TypeAdapters$7.write;com.google.gson.stream.JsonWriter.value;com.google.gson.stream.JsonWriter.writeDeferredName,56.0275
java.lang.Thread.run;java.util.concurrent.ThreadPoolExecutor$Worker.run;java.util.concurrent.ThreadPoolExecutor.runWorker;java.util.concurrent.FutureTask.run;java.util.concurrent.Executors$RunnableAdapter.call;java.util.concurrent.FutureTask.run;org.openjdk.jmh.runner.BenchmarkHandler$BenchmarkTask.call;org.openjdk.jmh.runner.BenchmarkHandler$BenchmarkTask.call;java.lang.reflect.Method.invoke;jdk.internal.reflect.DelegatingMethodAccessorImpl.invoke;jdk.internal.reflect.NativeMethodAccessorImpl.invoke;jdk.internal.reflect.NativeMethodAccessorImpl.invoke0;com.tfg.jsonbench.gson.jmh_generated.GsonBenchmark_serializar_jmhTest.serializar_AverageTime;com.tfg.jsonbench.gson.jmh_generated.GsonBenchmark_serializar_jmhTest.serializar_avgt_jmhStub;com.tfg.jsonbench.gson.GsonBenchmark.serializar;com.google.gson.Gson.toJson;com.google.gson.Gson.toJson;com.google.gson.Gson.toJson;com.google.gson.Gson.toJson;com.google.gson.internal.bind.ReflectiveTypeAdapterFactory$Adapter.write;com.google.gson.internal.bind.ReflectiveTypeAdapterFactory$2.write;com.google.gson.internal.bind.TypeAdapterRuntimeTypeWrapper.write;com.google.gson.internal.bind.TypeAdapters$15.write;com.google.gson.internal.bind.TypeAdapters$15.write;com.google.gson.stream.JsonWriter.value,0.4805
org.openjdk.jmh.runner.ForkedMain.main;org.openjdk.jmh.runner.ForkedRunner.run;org.openjdk.jmh.runner.BaseRunner.runBenchmarksForked;org.openjdk.jmh.runner.BaseRunner.doSingle;org.openjdk.jmh.runner.BaseRunner.runBenchmark;org.openjdk.jmh.runner.BenchmarkHandler.<init>;org.openjdk.jmh.runner.BenchmarkHandler$ExecutorType$1.createExecutor;org.openjdk.jmh.runner.WorkerThreadFactories.platformWorkerFactory;java.lang.ClassLoader.loadClass;jdk.internal.loader.ClassLoaders$AppClassLoader.loadClass;jdk.internal.loader.BuiltinClassLoader.loadClass;jdk.internal.loader.BuiltinClassLoader.loadClassOrNull;jdk.internal.loader.BuiltinClassLoader.findClassOnClassPathOrNull;jdk.internal.loader.BuiltinClassLoader.defineClass;jdk.internal.loader.URLClassPath$JarLoader$2.getBytes;jdk.internal.loader.Resource.getBytes;java.util.zip.InflaterInputStream.read;java.util.zip.ZipFile$ZipFileInflaterInputStream.fill;java.util.zip.ZipFile$ZipFileInputStream.read;java.util.zip.ZipFile$ZipFileInputStream.initDataOffset;java.util.zip.ZipFile$Source.readFullyAt;java.io.RandomAccessFile.seek;java.io.RandomAccessFile.seek0,0.1000
org.openjdk.jmh.runner.ForkedMain.main;org.openjdk.jmh.runner.ForkedRunner.run;org.openjdk.jmh.runner.BaseRunner.runBenchmarksForked;org.openjdk.jmh.runner.BaseRunner.doSingle;org.openjdk.jmh.runner.BaseRunner.runBenchmark;org.openjdk.jmh.runner.BaseRunner.runBenchmark;jdk.proxy1.$Proxy0.iteration;org.openjdk.jmh.runner.link.BinaryLinkClient$$Lambda$73/0x00007ab33c00c3f8.invoke;org.openjdk.jmh.runner.link.BinaryLinkClient.lambda$new$0;org.openjdk.jmh.runner.link.BinaryLinkClient.pushFrame;java.io.ObjectOutputStream.writeObject;java.io.ObjectOutputStream.writeObject0;java.io.ObjectOutputStream.writeOrdinaryObject;java.io.ObjectOutputStream.writeSerialData;java.io.ObjectOutputStream.defaultWriteFields;java.io.ObjectOutputStream.writeObject0;java.io.ObjectOutputStream.writeArray;java.io.ObjectOutputStream.writeObject0;java.io.ObjectOutputStream.writeOrdinaryObject;java.io.ObjectOutputStream.writeSerialData;java.io.ObjectOutputStream.defaultWriteFields;java.io.ObjectStreamClass.getObjFieldValues;java.io.ObjectStreamClass$FieldReflector.getObjFieldValues;jdk.internal.misc.Unsafe.getReference,0.1000
java.lang.Thread.run;java.util.concurrent.ThreadPoolExecutor$Worker.run;java.util.concurrent.ThreadPoolExecutor.runWorker;java.util.concurrent.FutureTask.run;java.util.concurrent.Executors$RunnableAdapter.call;java.util.concurrent.FutureTask.run;org.openjdk.jmh.runner.BenchmarkHandler$BenchmarkTask.call;org.openjdk.jmh.runner.BenchmarkHandler$BenchmarkTask.call;java.lang.reflect.Method.invoke;jdk.internal.reflect.DelegatingMethodAccessorImpl.invoke;jdk.internal.reflect.NativeMethodAccessorImpl.invoke;jdk.internal.reflect.NativeMethodAccessorImpl.invoke0;com.tfg.jsonbench.gson.jmh_generated.GsonBenchmark_serializar_jmhTest.serializar_AverageTime;com.tfg.jsonbench.gson.jmh_generated.GsonBenchmark_serializar_jmhTest.serializar_avgt_jmhStub;com.tfg.jsonbench.gson.GsonBenchmark.serializar;com.google.gson.Gson.toJson;com.google.gson.Gson.toJson;com.google.gson.Gson.toJson;com.google.gson.Gson.toJson;com.google.gson.internal.bind.ReflectiveTypeAdapterFactory$Adapter.write;com.google.gson.internal.bind.ReflectiveTypeAdapterFactory$2.write;com.google.gson.internal.bind.TypeAdapterRuntimeTypeWrapper.write;com.google.gson.internal.bind.CollectionTypeAdapterFactory$Adapter.write;com.google.gson.internal.bind.CollectionTypeAdapterFactory$Adapter.write;com.google.gson.stream.JsonWriter.beginArray;com.google.gson.stream.JsonWriter.writeDeferredName,44.7591
org.openjdk.jmh.runner.ForkedMain.main;org.openjdk.jmh.runner.link.BinaryLinkClient.handshake;org.openjdk.jmh.runner.link.BinaryLinkClient.readFrame;java.io.ObjectInputStream.readObject;java.io.ObjectInputStream.readObject;java.io.ObjectInputStream.readObject0;java.io.ObjectInputStream.readOrdinaryObject;java.io.ObjectInputStream.readSerialData;java.io.ObjectInputStream$FieldValues.<init>;java.io.ObjectInputStream.readObject0;java.io.ObjectInputStream.readOrdinaryObject;java.io.ObjectInputStream.readClassDesc;java.io.ObjectInputStream.readNonProxyDesc;java.io.ObjectStreamClass.initNonProxy;java.io.ObjectStreamClass.lookup;java.io.ClassCache.get;java.lang.ClassValue.get;java.lang.ClassValue.getFromBackup;java.lang.ClassValue.getFromHashMap;java.io.ClassCache$1.computeValue;java.io.ClassCache$1.computeValue;java.io.ObjectStreamClass$Caches$1.computeValue;java.io.ObjectStreamClass$Caches$1.computeValue;java.io.ObjectStreamClass.<init>;java.io.ObjectStreamClass.getReflector;java.io.ObjectStreamClass.matchFields,0.1000
org.openjdk.jmh.runner.ForkedMain.main;org.openjdk.jmh.runner.ForkedRunner.run;org.openjdk.jmh.runner.BaseRunner.runBenchmarksForked;org.openjdk.jmh.runner.BaseRunner.doSingle;org.openjdk.jmh.runner.BaseRunner.runBenchmark;org.openjdk.jmh.runner.BenchmarkHandler.<init>;org.openjdk.jmh.util.ClassUtils.loadClass;java.lang.Class.forName;java.lang.Class.forName0;java.lang.ClassLoader.loadClass;jdk.internal.loader.ClassLoaders$AppClassLoader.loadClass;jdk.internal.loader.BuiltinClassLoader.loadClass;jdk.internal.loader.BuiltinClassLoader.loadClassOrNull;jdk.internal.loader.BuiltinClassLoader.findClassOnClassPathOrNull;jdk.internal.loader.BuiltinClassLoader.defineClass;java.security.SecureClassLoader.defineClass;java.lang.ClassLoader.defineClass;java.lang.ClassLoader.defineClass1,0.1000
java.lang.Thread.run;java.util.concurrent.ThreadPoolExecutor$Worker.run;java.util.concurrent.ThreadPoolExecutor.runWorker;java.util.concurrent.FutureTask.run;java.util.concurrent.Executors$RunnableAdapter.call;java.util.concurrent.FutureTask.run;org.openjdk.jmh.runner.BenchmarkHandler$BenchmarkTask.call;org.openjdk.jmh.runner.BenchmarkHandler$BenchmarkTask.call;java.lang.reflect.Method.invoke;jdk.internal.reflect.DelegatingMethodAccessorImpl.invoke;jdk.internal.reflect.NativeMethodAccessorImpl.invoke;jdk.internal.reflect.NativeMethodAccessorImpl.invoke0;com.tfg.jsonbench.gson.jmh_generated.GsonBenchmark_serializar_jmhTest.serializar_AverageTime;com.tfg.jsonbench.gson.jmh_generated.GsonBenchmark_serializar_jmhTest.serializar_avgt_jmhStub;com.tfg.jsonbench.gson.GsonBenchmark.serializar;com.google.gson.Gson.toJson;com.google.gson.Gson.toJson;com.google.gson.Gson.toJson;com.google.gson.Gson.newJsonWriter,0.3590
java.lang.ref.Reference$ReferenceHandler.run;java.lang.ref.Reference.processPendingReferences;java.lang.ref.Reference.waitForReferencePendingList,0.0201
java.lang.Thread.run;java.util.concurrent.ThreadPoolExecutor$Worker.run;java.util.concurrent.ThreadPoolExecutor.runWorker;java.util.concurrent.FutureTask.run;java.util.concurrent.Executors$RunnableAdapter.call;java.util.concurrent.FutureTask.run;org.openjdk.jmh.runner.BenchmarkHandler$BenchmarkTask.call;org.openjdk.jmh.runner.BenchmarkHandler$BenchmarkTask.call;java.lang.reflect.Method.invoke;jdk.internal.reflect.DelegatingMethodAccessorImpl.invoke;jdk.internal.reflect.NativeMethodAccessorImpl.invoke;jdk.internal.reflect.NativeMethodAccessorImpl.invoke0;com.tfg.jsonbench.gson.jmh_generated.GsonBenchmark_serializar_jmhTest.serializar_AverageTime;com.tfg.jsonbench.gson.jmh_generated.GsonBenchmark_serializar_jmhTest.serializar_avgt_jmhStub;com.tfg.jsonbench.gson.GsonBenchmark.serializar;com.google.gson.Gson.toJson;com.google.gson.Gson.toJson;com.google.gson.Gson.toJson;com.google.gson.Gson.newJsonWriter;com.google.gson.stream.JsonWriter.<init>,1.2231
java.lang.Thread.run;java.util.concurrent.ThreadPoolExecutor$Worker.run;java.util.concurrent.ThreadPoolExecutor.runWorker;java.util.concurrent.FutureTask.run;java.util.concurrent.Executors$RunnableAdapter.call;java.util.concurrent.FutureTask.run;org.openjdk.jmh.runner.BenchmarkHandler$BenchmarkTask.call;org.openjdk.jmh.runner.BenchmarkHandler$BenchmarkTask.call;java.lang.reflect.Method.invoke;jdk.internal.reflect.DelegatingMethodAccessorImpl.invoke;jdk.internal.reflect.NativeMethodAccessorImpl.invoke;jdk.internal.reflect.NativeMethodAccessorImpl.invoke0;com.tfg.jsonbench.gson.jmh_generated.GsonBenchmark_serializar_jmhTest.serializar_AverageTime;com.tfg.jsonbench.gson.jmh_generated.GsonBenchmark_serializar_jmhTest.serializar_avgt_jmhStub;com.tfg.jsonbench.gson.GsonBenchmark.serializar;com.google.gson.Gson.toJson,9.8635
java.lang.Thread.run;java.util.concurrent.ThreadPoolExecutor$Worker.run;java.util.concurrent.ThreadPoolExecutor.runWorker;java.util.concurrent.FutureTask.run;java.util.concurrent.Executors$RunnableAdapter.call;java.util.concurrent.FutureTask.run;org.openjdk.jmh.runner.BenchmarkHandler$BenchmarkTask.call;org.openjdk.jmh.runner.BenchmarkHandler$BenchmarkTask.call;java.lang.reflect.Method.invoke;jdk.internal.reflect.DelegatingMethodAccessorImpl.invoke;jdk.internal.reflect.NativeMethodAccessorImpl.invoke;jdk.internal.reflect.NativeMethodAccessorImpl.invoke0;com.tfg.jsonbench.gson.jmh_generated.GsonBenchmark_serializar_jmhTest.serializar_AverageTime;com.tfg.jsonbench.gson.jmh_generated.GsonBenchmark_serializar_jmhTest.serializar_avgt_jmhStub;com.tfg.jsonbench.gson.GsonBenchmark.serializar;com.google.gson.Gson.toJson;com.google.gson.Gson.toJson;com.google.gson.Gson.toJson;com.google.gson.Gson.toJson;com.google.gson.internal.bind.ReflectiveTypeAdapterFactory$Adapter.write;com.google.gson.internal.bind.ReflectiveTypeAdapterFactory$2.write;com.google.gson.internal.bind.TypeAdapterRuntimeTypeWrapper.write;com.google.gson.internal.bind.CollectionTypeAdapterFactory$Adapter.write;com.google.gson.internal.bind.CollectionTypeAdapterFactory$Adapter.write;java.util.ImmutableCollections$ListItr.next,0.4805
org.openjdk.jmh.runner.ForkedMain.main;org.openjdk.jmh.runner.ForkedRunner.run;org.openjdk.jmh.runner.BaseRunner.runBenchmarksForked;org.openjdk.jmh.runner.BaseRunner.doSingle;org.openjdk.jmh.runner.BaseRunner.runBenchmark;org.openjdk.jmh.runner.BaseRunner.runBenchmark;org.openjdk.jmh.runner.BenchmarkHandler.runIteration;java.util.concurrent.ExecutorCompletionService.poll;java.util.concurrent.LinkedBlockingQueue.poll;java.util.concurrent.locks.AbstractQueuedSynchronizer$ConditionObject.awaitNanos;java.util.concurrent.locks.LockSupport.parkNanos;jdk.internal.misc.Unsafe.park,0.0013
java.lang.Thread.run;java.util.concurrent.ThreadPoolExecutor$Worker.run;java.util.concurrent.ThreadPoolExecutor.runWorker;java.util.concurrent.FutureTask.run;java.util.concurrent.Executors$RunnableAdapter.call;java.util.concurrent.FutureTask.run;org.openjdk.jmh.runner.BenchmarkHandler$BenchmarkTask.call;org.openjdk.jmh.runner.BenchmarkHandler$BenchmarkTask.call;java.lang.reflect.Method.invoke;jdk.internal.reflect.DelegatingMethodAccessorImpl.invoke;jdk.internal.reflect.NativeMethodAccessorImpl.invoke;jdk.internal.reflect.NativeMethodAccessorImpl.invoke0;com.tfg.jsonbench.gson.jmh_generated.GsonBenchmark_serializar_jmhTest.serializar_AverageTime;com.tfg.jsonbench.gson.jmh_generated.GsonBenchmark_serializar_jmhTest.serializar_avgt_jmhStub;com.tfg.jsonbench.gson.GsonBenchmark.serializar;com.google.gson.Gson.toJson;com.google.gson.Gson.toJson;com.google.gson.Gson.toJson;com.google.gson.Gson.toJson;com.google.gson.internal.bind.ReflectiveTypeAdapterFactory$Adapter.write;com.google.gson.internal.bind.ReflectiveTypeAdapterFactory$2.write;com.google.gson.internal.bind.TypeAdapterRuntimeTypeWrapper.write;com.google.gson.internal.bind.TypeAdapters$7.write;com.google.gson.internal.bind.TypeAdapters$7.write;com.google.gson.stream.JsonWriter.value;java.lang.Long.toString;java.lang.Long.stringSize,0.4805
org.openjdk.jmh.runner.ForkedMain.main;org.openjdk.jmh.runner.link.BinaryLinkClient.<init>;java.lang.reflect.Proxy.newProxyInstance;java.lang.reflect.Proxy.getProxyConstructor;jdk.internal.loader.AbstractClassLoaderValue.computeIfAbsent;jdk.internal.loader.AbstractClassLoaderValue$Memoizer.get;java.lang.reflect.Proxy$$Lambda$74/0x00007ab33c0756f8.apply;java.lang.reflect.Proxy.lambda$getProxyConstructor$0;java.lang.reflect.Proxy$ProxyBuilder.<init>;java.lang.reflect.Proxy$ProxyBuilder.<init>;java.lang.reflect.Proxy$ProxyBuilder.referencedTypes;java.lang.Class.getMethods;java.lang.Class.privateGetPublicMethods;java.lang.Class.privateGetDeclaredMethods;java.lang.Class.getDeclaredMethods0;java.lang.ClassLoader.loadClass;jdk.internal.loader.ClassLoaders$AppClassLoader.loadClass;jdk.internal.loader.BuiltinClassLoader.loadClass;jdk.internal.loader.BuiltinClassLoader.loadClassOrNull;jdk.internal.loader.BuiltinClassLoader.findClassOnClassPathOrNull;jdk.internal.loader.BuiltinClassLoader.defineClass;java.security.SecureClassLoader.defineClass;java.lang.ClassLoader.defineClass;java.lang.ClassLoader.defineClass1;java.lang.ClassLoader.loadClass;jdk.internal.loader.ClassLoaders$AppClassLoader.loadClass;jdk.internal.loader.BuiltinClassLoader.loadClass;jdk.internal.loader.BuiltinClassLoader.loadClassOrNull;jdk.internal.loader.BuiltinClassLoader.findClassOnClassPathOrNull;jdk.internal.loader.BuiltinClassLoader.defineClass;java.security.SecureClassLoader.defineClass;java.lang.ClassLoader.defineClass;java.lang.ClassLoader.defineClass1;java.lang.ClassLoader.loadClass;jdk.internal.loader.ClassLoaders$AppClassLoader.loadClass;jdk.internal.loader.BuiltinClassLoader.loadClass;jdk.internal.loader.BuiltinClassLoader.loadClassOrNull;jdk.internal.loader.BuiltinClassLoader.findClassOnClassPathOrNull;jdk.internal.loader.BuiltinClassLoader.defineClass;java.security.SecureClassLoader.defineClass;java.lang.ClassLoader.defineClass;java.lang.ClassLoader.defineClass1;java.lang.ClassLoader.loadClass;jdk.internal.loader.ClassLoaders$AppClassLoader.loadClass;jdk.internal.loader.BuiltinClassLoader.loadClass;jdk.internal.loader.BuiltinClassLoader.loadClassOrNull;jdk.internal.loader.BuiltinClassLoader.findClassOnClassPathOrNull;jdk.internal.loader.BuiltinClassLoader.defineClass;java.security.SecureClassLoader.defineClass;java.lang.ClassLoader.defineClass;java.lang.ClassLoader.defineClass1,0.1000
java.lang.Thread.run;java.util.concurrent.ThreadPoolExecutor$Worker.run;java.util.concurrent.ThreadPoolExecutor.runWorker;java.util.concurrent.FutureTask.run;java.util.concurrent.Executors$RunnableAdapter.call;java.util.concurrent.FutureTask.run;org.openjdk.jmh.runner.BenchmarkHandler$BenchmarkTask.call;org.openjdk.jmh.runner.BenchmarkHandler$BenchmarkTask.call;java.lang.reflect.Method.invoke;jdk.internal.reflect.DelegatingMethodAccessorImpl.invoke;jdk.internal.reflect.NativeMethodAccessorImpl.invoke;jdk.internal.reflect.NativeMethodAccessorImpl.invoke0;com.tfg.jsonbench.gson.jmh_generated.GsonBenchmark_serializar_jmhTest.serializar_AverageTime;com.tfg.jsonbench.gson.jmh_generated.GsonBenchmark_serializar_jmhTest.serializar_avgt_jmhStub;com.tfg.jsonbench.gson.GsonBenchmark.serializar;com.google.gson.Gson.toJson;com.google.gson.Gson.toJson;com.google.gson.Gson.toJson,0.4805
java.lang.Thread.run;java.util.concurrent.ThreadPoolExecutor$Worker.run;java.util.concurrent.ThreadPoolExecutor.runWorker;java.util.concurrent.FutureTask.run;java.util.concurrent.Executors$RunnableAdapter.call;java.util.concurrent.FutureTask.run;org.openjdk.jmh.runner.BenchmarkHandler$BenchmarkTask.call;org.openjdk.jmh.runner.BenchmarkHandler$BenchmarkTask.call;java.lang.reflect.Method.invoke;jdk.internal.reflect.DelegatingMethodAccessorImpl.invoke;jdk.internal.reflect.NativeMethodAccessorImpl.invoke;jdk.internal.reflect.NativeMethodAccessorImpl.invoke0;com.tfg.jsonbench.gson.jmh_generated.GsonBenchmark_serializar_jmhTest.serializar_AverageTime;com.tfg.jsonbench.gson.jmh_generated.GsonBenchmark_serializar_jmhTest.serializar_avgt_jmhStub;com.tfg.jsonbench.gson.GsonBenchmark.serializar;com.google.gson.Gson.toJson;com.google.gson.Gson.toJson;com.google.gson.Gson.toJson;com.google.gson.Gson.toJson;com.google.gson.internal.bind.ReflectiveTypeAdapterFactory$Adapter.write;com.google.gson.internal.bind.ReflectiveTypeAdapterFactory$2.write;com.google.gson.internal.bind.TypeAdapterRuntimeTypeWrapper.write;com.google.gson.internal.bind.TypeAdapters$15.write;com.google.gson.internal.bind.TypeAdapters$15.write;com.google.gson.stream.JsonWriter.value;com.google.gson.stream.JsonWriter.writeDeferredName;com.google.gson.stream.JsonWriter.string,99.0909
java.lang.Thread.run;java.util.concurrent.ThreadPoolExecutor$Worker.run;java.util.concurrent.ThreadPoolExecutor.runWorker;java.util.concurrent.FutureTask.run;java.util.concurrent.Executors$RunnableAdapter.call;java.util.concurrent.FutureTask.run;org.openjdk.jmh.runner.BenchmarkHandler$BenchmarkTask.call;org.openjdk.jmh.runner.BenchmarkHandler$BenchmarkTask.call;java.lang.reflect.Method.invoke;jdk.internal.reflect.DelegatingMethodAccessorImpl.invoke;jdk.internal.reflect.NativeMethodAccessorImpl.invoke;jdk.internal.reflect.NativeMethodAccessorImpl.invoke0;com.tfg.jsonbench.gson.jmh_generated.GsonBenchmark_serializar_jmhTest.serializar_AverageTime;com.tfg.jsonbench.gson.jmh_generated.GsonBenchmark_serializar_jmhTest.serializar_avgt_jmhStub;com.tfg.jsonbench.gson.GsonBenchmark.serializar;com.google.gson.Gson.toJson;com.google.gson.Gson.toJson;com.google.gson.Gson.toJson;com.google.gson.Gson.toJson;com.google.gson.internal.bind.ReflectiveTypeAdapterFactory$Adapter.write;com.google.gson.internal.bind.ReflectiveTypeAdapterFactory$2.write;com.google.gson.internal.bind.TypeAdapterRuntimeTypeWrapper.write;com.google.gson.internal.bind.CollectionTypeAdapterFactory$Adapter.write;com.google.gson.internal.bind.CollectionTypeAdapterFactory$Adapter.write;com.google.gson.internal.bind.TypeAdapterRuntimeTypeWrapper.write,24.5495
java.lang.Thread.run;java.util.concurrent.ThreadPoolExecutor$Worker.run;java.util.concurrent.ThreadPoolExecutor.runWorker;java.util.concurrent.FutureTask.run;java.util.concurrent.Executors$RunnableAdapter.call;java.util.concurrent.FutureTask.run;org.openjdk.jmh.runner.BenchmarkHandler$BenchmarkTask.call;org.openjdk.jmh.runner.BenchmarkHandler$BenchmarkTask.call;java.lang.reflect.Method.invoke;jdk.internal.reflect.DelegatingMethodAccessorImpl.invoke;jdk.internal.reflect.NativeMethodAccessorImpl.invoke;jdk.internal.reflect.NativeMethodAccessorImpl.invoke0;com.tfg.jsonbench.gson.jmh_generated.GsonBenchmark_serializar_jmhTest.serializar_AverageTime;com.tfg.jsonbench.gson.jmh_generated.GsonBenchmark_serializar_jmhTest.serializar_avgt_jmhStub;com.tfg.jsonbench.gson.GsonBenchmark.serializar;com.google.gson.Gson.toJson;com.google.gson.Gson.toJson;com.google.gson.Gson.toJson;com.google.gson.Gson.toJson;com.google.gson.internal.bind.ReflectiveTypeAdapterFactory$Adapter.write;com.google.gson.internal.bind.ReflectiveTypeAdapterFactory$2.write;com.google.gson.internal.bind.TypeAdapterRuntimeTypeWrapper.write;com.google.gson.internal.bind.CollectionTypeAdapterFactory$Adapter.write;com.google.gson.internal.bind.CollectionTypeAdapterFactory$Adapter.write;com.google.gson.internal.bind.TypeAdapterRuntimeTypeWrapper.write;com.google.gson.internal.bind.TypeAdapters$15.write;com.google.gson.internal.bind.TypeAdapters$15.write;com.google.gson.stream.JsonWriter.value;com.google.gson.stream.JsonWriter.string,88.3936
jdk.internal.misc.InnocuousThread.run;java.lang.Thread.run;jdk.internal.ref.CleanerImpl.run;java.lang.ref.ReferenceQueue.remove;java.lang.Object.wait,0.0002
java.lang.Thread.run;java.util.concurrent.ThreadPoolExecutor$Worker.run;java.util.concurrent.ThreadPoolExecutor.runWorker;java.util.concurrent.FutureTask.run;java.util.concurrent.Executors$RunnableAdapter.call;java.util.concurrent.FutureTask.run;org.openjdk.jmh.runner.BenchmarkHandler$BenchmarkTask.call;org.openjdk.jmh.runner.BenchmarkHandler$BenchmarkTask.call;java.lang.reflect.Method.invoke;jdk.internal.reflect.DelegatingMethodAccessorImpl.invoke;jdk.internal.reflect.NativeMethodAccessorImpl.invoke;jdk.internal.reflect.NativeMethodAccessorImpl.invoke0;com.tfg.jsonbench.gson.jmh_generated.GsonBenchmark_serializar_jmhTest.serializar_AverageTime;com.tfg.jsonbench.gson.jmh_generated.GsonBenchmark_serializar_jmhTest.serializar_avgt_jmhStub,0.3540
java.lang.Thread.run;java.util.concurrent.ThreadPoolExecutor$Worker.run;java.util.concurrent.ThreadPoolExecutor.runWorker;java.util.concurrent.FutureTask.run;java.util.concurrent.Executors$RunnableAdapter.call;java.util.concurrent.FutureTask.run;org.openjdk.jmh.runner.BenchmarkHandler$BenchmarkTask.call;org.openjdk.jmh.runner.BenchmarkHandler$BenchmarkTask.call;java.lang.reflect.Method.invoke;jdk.internal.reflect.DelegatingMethodAccessorImpl.invoke;jdk.internal.reflect.NativeMethodAccessorImpl.invoke;jdk.internal.reflect.NativeMethodAccessorImpl.invoke0;com.tfg.jsonbench.gson.jmh_generated.GsonBenchmark_serializar_jmhTest.serializar_AverageTime;com.tfg.jsonbench.gson.jmh_generated.GsonBenchmark_serializar_jmhTest.serializar_avgt_jmhStub;com.tfg.jsonbench.gson.GsonBenchmark.serializar;com.google.gson.Gson.toJson;com.google.gson.Gson.toJson;com.google.gson.Gson.toJson;com.google.gson.Gson.toJson;com.google.gson.internal.bind.ReflectiveTypeAdapterFactory$Adapter.write;com.google.gson.internal.bind.ReflectiveTypeAdapterFactory$2.write;com.google.gson.internal.bind.TypeAdapterRuntimeTypeWrapper.write;com.google.gson.internal.bind.TypeAdapters$7.write;com.google.gson.internal.bind.TypeAdapters$7.write;com.google.gson.stream.JsonWriter.value,8.3587
java.lang.Thread.run;java.util.concurrent.ThreadPoolExecutor$Worker.run;java.util.concurrent.ThreadPoolExecutor.runWorker;java.util.concurrent.FutureTask.run;java.util.concurrent.Executors$RunnableAdapter.call;java.util.concurrent.FutureTask.run;org.openjdk.jmh.runner.BenchmarkHandler$BenchmarkTask.call;org.openjdk.jmh.runner.BenchmarkHandler$BenchmarkTask.call;java.lang.reflect.Method.invoke;jdk.internal.reflect.DelegatingMethodAccessorImpl.invoke;jdk.internal.reflect.NativeMethodAccessorImpl.invoke;jdk.internal.reflect.NativeMethodAccessorImpl.invoke0;com.tfg.jsonbench.gson.jmh_generated.GsonBenchmark_serializar_jmhTest.serializar_AverageTime;com.tfg.jsonbench.gson.jmh_generated.GsonBenchmark_serializar_jmhTest.serializar_avgt_jmhStub;com.tfg.jsonbench.gson.GsonBenchmark.serializar;com.google.gson.Gson.toJson;com.google.gson.Gson.toJson;com.google.gson.Gson.toJson;com.google.gson.Gson.toJson;com.google.gson.internal.bind.ReflectiveTypeAdapterFactory$Adapter.write;com.google.gson.internal.bind.ReflectiveTypeAdapterFactory$2.write;com.google.gson.internal.bind.TypeAdapterRuntimeTypeWrapper.write;com.google.gson.internal.bind.CollectionTypeAdapterFactory$Adapter.write;com.google.gson.internal.bind.CollectionTypeAdapterFactory$Adapter.write;com.google.gson.stream.JsonWriter.beginArray;com.google.gson.stream.JsonWriter.openScope,6.5574
java.lang.Thread.run;java.util.concurrent.ThreadPoolExecutor$Worker.run;java.util.concurrent.ThreadPoolExecutor.runWorker;java.util.concurrent.FutureTask.run;java.util.concurrent.Executors$RunnableAdapter.call;java.util.concurrent.FutureTask.run;org.openjdk.jmh.runner.BenchmarkHandler$BenchmarkTask.call;org.openjdk.jmh.runner.BenchmarkHandler$BenchmarkTask.call;java.lang.reflect.Method.invoke;jdk.internal.reflect.DelegatingMethodAccessorImpl.invoke;jdk.internal.reflect.NativeMethodAccessorImpl.invoke;jdk.internal.reflect.NativeMethodAccessorImpl.invoke0;com.tfg.jsonbench.gson.jmh_generated.GsonBenchmark_serializar_jmhTest.serializar_AverageTime;com.tfg.jsonbench.gson.jmh_generated.GsonBenchmark_serializar_jmhTest.serializar_avgt_jmhStub;com.tfg.jsonbench.gson.GsonBenchmark.serializar;com.google.gson.Gson.toJson;com.google.gson.Gson.toJson;com.google.gson.Gson.toJson;com.google.gson.Gson.toJson;com.google.gson.internal.bind.ReflectiveTypeAdapterFactory$Adapter.write;com.google.gson.internal.bind.ReflectiveTypeAdapterFactory$2.write;com.google.gson.internal.bind.TypeAdapterRuntimeTypeWrapper.write,29.1189
java.lang.Thread.run;java.util.concurrent.ThreadPoolExecutor$Worker.run;java.util.concurrent.ThreadPoolExecutor.runWorker;java.util.concurrent.FutureTask.run;java.util.concurrent.Executors$RunnableAdapter.call;java.util.concurrent.FutureTask.run;org.openjdk.jmh.runner.BenchmarkHandler$BenchmarkTask.call;org.openjdk.jmh.runner.BenchmarkHandler$BenchmarkTask.call;java.lang.reflect.Method.invoke;jdk.internal.reflect.DelegatingMethodAccessorImpl.invoke;jdk.internal.reflect.NativeMethodAccessorImpl.invoke;jdk.internal.reflect.NativeMethodAccessorImpl.invoke0;com.tfg.jsonbench.gson.jmh_generated.GsonBenchmark_serializar_jmhTest.serializar_AverageTime;com.tfg.jsonbench.gson.jmh_generated.GsonBenchmark_serializar_jmhTest.serializar_avgt_jmhStub;com.tfg.jsonbench.gson.GsonBenchmark.serializar;com.google.gson.Gson.toJson;com.google.gson.Gson.toJson;com.google.gson.Gson.toJson;com.google.gson.Gson.toJson;com.google.gson.internal.bind.ReflectiveTypeAdapterFactory$Adapter.write;com.google.gson.internal.bind.ReflectiveTypeAdapterFactory$2.write;com.google.gson.internal.bind.TypeAdapterRuntimeTypeWrapper.write;com.google.gson.internal.bind.TypeAdapters$15.write;com.google.gson.internal.bind.TypeAdapters$15.write;com.google.gson.stream.JsonWriter.value;com.google.gson.stream.JsonWriter.string,87.7987
java.lang.Thread.run;java.util.concurrent.ThreadPoolExecutor$Worker.run;java.util.concurrent.ThreadPoolExecutor.runWorker;java.util.concurrent.FutureTask.run;java.util.concurrent.Executors$RunnableAdapter.call;java.util.concurrent.FutureTask.run;org.openjdk.jmh.runner.BenchmarkHandler$BenchmarkTask.call;org.openjdk.jmh.runner.BenchmarkHandler$BenchmarkTask.call;java.lang.reflect.Method.invoke;jdk.internal.reflect.DelegatingMethodAccessorImpl.invoke;jdk.internal.reflect.NativeMethodAccessorImpl.invoke;jdk.internal.reflect.NativeMethodAccessorImpl.invoke0;com.tfg.jsonbench.gson.jmh_generated.GsonBenchmark_serializar_jmhTest.serializar_AverageTime;com.tfg.jsonbench.gson.jmh_generated.GsonBenchmark_serializar_jmhTest._jmh_tryInit_f_gsonbenchmark0_0;com.tfg.jsonbench.gson.GsonBenchmark.preparar;com.google.gson.Gson.<init>;com.google.gson.Gson.<init>;java.lang.ClassLoader.loadClass;jdk.internal.loader.ClassLoaders$AppClassLoader.loadClass;jdk.internal.loader.BuiltinClassLoader.loadClass;jdk.internal.loader.BuiltinClassLoader.loadClassOrNull;jdk.internal.loader.BuiltinClassLoader.findClassOnClassPathOrNull;jdk.internal.loader.BuiltinClassLoader.defineClass;jdk.internal.loader.URLClassPath$JarLoader$2.getBytes;jdk.internal.loader.Resource.getBytes;java.util.zip.ZipFile$ZipFileInflaterInputStream.close,0.4805
java.lang.Thread.run;java.util.concurrent.ThreadPoolExecutor$Worker.run;java.util.concurrent.ThreadPoolExecutor.runWorker;java.util.concurrent.FutureTask.run;java.util.concurrent.Executors$RunnableAdapter.call;java.util.concurrent.FutureTask.run;org.openjdk.jmh.runner.BenchmarkHandler$BenchmarkTask.call;org.openjdk.jmh.runner.BenchmarkHandler$BenchmarkTask.call;java.lang.reflect.Method.invoke;jdk.internal.reflect.DelegatingMethodAccessorImpl.invoke;jdk.internal.reflect.NativeMethodAccessorImpl.invoke;jdk.internal.reflect.NativeMethodAccessorImpl.invoke0;com.tfg.jsonbench.gson.jmh_generated.GsonBenchmark_serializar_jmhTest.serializar_AverageTime;com.tfg.jsonbench.gson.jmh_generated.GsonBenchmark_serializar_jmhTest.serializar_avgt_jmhStub;com.tfg.jsonbench.gson.GsonBenchmark.serializar;com.google.gson.Gson.toJson;com.google.gson.Gson.toJson;com.google.gson.Gson.toJson;com.google.gson.Gson.toJson;com.google.gson.internal.bind.ReflectiveTypeAdapterFactory$Adapter.write;com.google.gson.internal.bind.ReflectiveTypeAdapterFactory$2.write;com.google.gson.internal.bind.TypeAdapterRuntimeTypeWrapper.write;com.google.gson.internal.bind.CollectionTypeAdapterFactory$Adapter.write;com.google.gson.internal.bind.CollectionTypeAdapterFactory$Adapter.write;com.google.gson.internal.bind.TypeAdapterRuntimeTypeWrapper.write;com.google.gson.internal.bind.TypeAdapters$15.write;com.google.gson.internal.bind.TypeAdapters$15.write;com.google.gson.stream.JsonWriter.value,0.4805
java.lang.Thread.run;java.util.concurrent.ThreadPoolExecutor$Worker.run;java.util.concurrent.ThreadPoolExecutor.runWorker;java.util.concurrent.FutureTask.run;java.util.concurrent.Executors$RunnableAdapter.call;java.util.concurrent.FutureTask.run;org.openjdk.jmh.runner.BenchmarkHandler$BenchmarkTask.call;org.openjdk.jmh.runner.BenchmarkHandler$BenchmarkTask.call;java.lang.reflect.Method.invoke;jdk.internal.reflect.DelegatingMethodAccessorImpl.invoke;jdk.internal.reflect.NativeMethodAccessorImpl.invoke;jdk.internal.reflect.NativeMethodAccessorImpl.invoke0;com.tfg.jsonbench.gson.jmh_generated.GsonBenchmark_serializar_jmhTest.serializar_AverageTime;com.tfg.jsonbench.gson.jmh_generated.GsonBenchmark_serializar_jmhTest.serializar_avgt_jmhStub;com.tfg.jsonbench.gson.GsonBenchmark.serializar;com.google.gson.Gson.toJson;com.google.gson.Gson.toJson;com.google.gson.Gson.toJson;com.google.gson.Gson.toJson;com.google.gson.internal.bind.ReflectiveTypeAdapterFactory$Adapter.write;com.google.gson.internal.bind.ReflectiveTypeAdapterFactory$2.write;com.google.gson.internal.bind.TypeAdapterRuntimeTypeWrapper.write;com.google.gson.internal.bind.CollectionTypeAdapterFactory$Adapter.write;com.google.gson.internal.bind.CollectionTypeAdapterFactory$Adapter.write;com.google.gson.internal.bind.TypeAdapterRuntimeTypeWrapper.write;com.google.gson.internal.bind.TypeAdapters$15.write;com.google.gson.internal.bind.TypeAdapters$15.write;com.google.gson.stream.JsonWriter.value;com.google.gson.stream.JsonWriter.string;java.io.StringWriter.write;java.lang.StringBuffer.append;java.lang.AbstractStringBuilder.append;java.lang.AbstractStringBuilder.ensureCapacityInternal;java.util.Arrays.copyOf,0.4805
java.lang.Thread.run;java.util.concurrent.ThreadPoolExecutor$Worker.run;java.util.concurrent.ThreadPoolExecutor.runWorker;java.util.concurrent.FutureTask.run;java.util.concurrent.Executors$RunnableAdapter.call;java.util.concurrent.FutureTask.run;org.openjdk.jmh.runner.BenchmarkHandler$BenchmarkTask.call;org.openjdk.jmh.runner.BenchmarkHandler$BenchmarkTask.call;java.lang.reflect.Method.invoke;jdk.internal.reflect.DelegatingMethodAccessorImpl.invoke;jdk.internal.reflect.NativeMethodAccessorImpl.invoke;jdk.internal.reflect.NativeMethodAccessorImpl.invoke0;com.tfg.jsonbench.gson.jmh_generated.GsonBenchmark_serializar_jmhTest.serializar_AverageTime;com.tfg.jsonbench.gson.jmh_generated.GsonBenchmark_serializar_jmhTest.serializar_avgt_jmhStub;com.tfg.jsonbench.gson.GsonBenchmark.serializar;com.google.gson.Gson.toJson;com.google.gson.Gson.toJson;com.google.gson.Gson.toJson;com.google.gson.Gson.toJson;com.google.gson.internal.bind.ReflectiveTypeAdapterFactory$Adapter.write;com.google.gson.internal.bind.ReflectiveTypeAdapterFactory$2.write;com.google.gson.internal.bind.TypeAdapterRuntimeTypeWrapper.write;com.google.gson.internal.bind.CollectionTypeAdapterFactory$Adapter.write;com.google.gson.internal.bind.CollectionTypeAdapterFactory$Adapter.write;com.google.gson.stream.JsonWriter.endArray,15.5484
org.openjdk.jmh.runner.ForkedMain.main;org.openjdk.jmh.runner.ForkedRunner.run;org.openjdk.jmh.runner.link.BinaryLinkClient.requestPlan;org.openjdk.jmh.runner.link.BinaryLinkClient.readFrame;java.io.ObjectInputStream.readObject;java.io.ObjectInputStream.readObject;java.io.ObjectInputStream.readObject0;java.io.ObjectInputStream.readOrdinaryObject;java.io.ObjectInputStream.readSerialData;java.io.ObjectInputStream$FieldValues.<init>;java.io.ObjectInputStream.readObject0;java.io.ObjectInputStream.readOrdinaryObject;java.io.ObjectInputStream.readSerialData;java.io.ObjectInputStream$FieldValues.<init>;java.io.ObjectInputStream.readObject0;java.io.ObjectInputStream.readOrdinaryObject;java.io.ObjectInputStream.readSerialData;java.io.ObjectStreamClass.invokeReadObject;java.lang.reflect.Method.invoke;jdk.internal.reflect.DelegatingMethodAccessorImpl.invoke;jdk.internal.reflect.NativeMethodAccessorImpl.invoke;jdk.internal.reflect.NativeMethodAccessorImpl.invoke0;java.util.ArrayList.readObject;java.io.ObjectInputStream.readObject;java.io.ObjectInputStream.readObject;java.io.ObjectInputStream.readObject0;java.io.ObjectInputStream.readOrdinaryObject;java.io.ObjectInputStream.readSerialData;java.io.ObjectInputStream$FieldValues.<init>;java.io.ObjectInputStream.readObject0;java.io.ObjectInputStream.readOrdinaryObject;java.io.ObjectInputStream.readClassDesc;java.io.ObjectInputStream.readNonProxyDesc;java.io.ObjectInputStream.readClassDesc;java.io.ObjectInputStream.readNonProxyDesc;java.io.ObjectInputStream.readClassDesc;java.io.ObjectInputStream.readNonProxyDesc;java.io.ObjectStreamClass.initNonProxy;java.io.ObjectStreamClass.lookup;java.io.ClassCache.get;java.lang.ClassValue.get;java.lang.ClassValue.getFromBackup;java.lang.ClassValue.getFromHashMap;java.io.ClassCache$1.computeValue;java.io.ClassCache$1.computeValue;java.io.ObjectStreamClass$Caches$1.computeValue;java.io.ObjectStreamClass$Caches$1.computeValue;java.io.ObjectStreamClass.<init>;java.io.ObjectStreamClass.getReflector;java.io.ObjectStreamClass.matchFields,0.1000
java.lang.Thread.run;java.util.concurrent.ThreadPoolExecutor$Worker.run;java.util.concurrent.ThreadPoolExecutor.runWorker;java.util.concurrent.FutureTask.run;java.util.concurrent.Executors$RunnableAdapter.call;java.util.concurrent.FutureTask.run;org.openjdk.jmh.runner.BenchmarkHandler$BenchmarkTask.call;org.openjdk.jmh.runner.BenchmarkHandler$BenchmarkTask.call;java.lang.reflect.Method.invoke;jdk.internal.reflect.DelegatingMethodAccessorImpl.invoke;jdk.internal.reflect.NativeMethodAccessorImpl.invoke;jdk.internal.reflect.NativeMethodAccessorImpl.invoke0;com.tfg.jsonbench.gson.jmh_generated.GsonBenchmark_serializar_jmhTest.serializar_AverageTime;com.tfg.jsonbench.gson.jmh_generated.GsonBenchmark_serializar_jmhTest.serializar_avgt_jmhStub;com.tfg.jsonbench.gson.GsonBenchmark.serializar;com.google.gson.Gson.toJson;com.google.gson.Gson.toJson;com.google.gson.Gson.toJson;com.google.gson.Gson.toJson;com.google.gson.internal.bind.ReflectiveTypeAdapterFactory$Adapter.write;com.google.gson.internal.bind.ReflectiveTypeAdapterFactory$2.write;com.google.gson.internal.bind.TypeAdapterRuntimeTypeWrapper.write;com.google.gson.internal.bind.CollectionTypeAdapterFactory$Adapter.write;com.google.gson.internal.bind.CollectionTypeAdapterFactory$Adapter.write;com.google.gson.stream.JsonWriter.beginArray;com.google.gson.stream.JsonWriter.writeDeferredName;com.google.gson.stream.JsonWriter.string,8.4991
java.lang.Thread.run;java.util.concurrent.ThreadPoolExecutor$Worker.run;java.util.concurrent.ThreadPoolExecutor.runWorker;java.util.concurrent.FutureTask.run;java.util.concurrent.Executors$RunnableAdapter.call;java.util.concurrent.FutureTask.run;org.openjdk.jmh.runner.BenchmarkHandler$BenchmarkTask.call;org.openjdk.jmh.runner.BenchmarkHandler$BenchmarkTask.call;java.lang.reflect.Method.invoke;jdk.internal.reflect.DelegatingMethodAccessorImpl.invoke;jdk.internal.reflect.NativeMethodAccessorImpl.invoke;jdk.internal.reflect.NativeMethodAccessorImpl.invoke0;com.tfg.jsonbench.gson.jmh_generated.GsonBenchmark_serializar_jmhTest.serializar_AverageTime;com.tfg.jsonbench.gson.jmh_generated.GsonBenchmark_serializar_jmhTest.serializar_avgt_jmhStub;com.tfg.jsonbench.gson.GsonBenchmark.serializar;com.google.gson.Gson.toJson;com.google.gson.Gson.toJson;com.google.gson.Gson.toJson;com.google.gson.Gson.toJson;com.google.gson.internal.bind.ReflectiveTypeAdapterFactory$Adapter.write;com.google.gson.stream.JsonWriter.beginObject;com.google.gson.stream.JsonWriter.openScope,35.8270
java.lang.Thread.run;java.util.concurrent.ThreadPoolExecutor$Worker.run;java.util.concurrent.ThreadPoolExecutor.runWorker;java.util.concurrent.FutureTask.run;java.util.concurrent.Executors$RunnableAdapter.call;java.util.concurrent.FutureTask.run;org.openjdk.jmh.runner.BenchmarkHandler$BenchmarkTask.call;org.openjdk.jmh.runner.BenchmarkHandler$BenchmarkTask.call;java.lang.reflect.Method.invoke;jdk.internal.reflect.DelegatingMethodAccessorImpl.invoke;jdk.internal.reflect.NativeMethodAccessorImpl.invoke;jdk.internal.reflect.NativeMethodAccessorImpl.invoke0;com.tfg.jsonbench.gson.jmh_generated.GsonBenchmark_serializar_jmhTest.serializar_AverageTime;com.tfg.jsonbench.gson.jmh_generated.GsonBenchmark_serializar_jmhTest.serializar_avgt_jmhStub;com.tfg.jsonbench.gson.GsonBenchmark.serializar;com.google.gson.Gson.toJson;com.google.gson.Gson.toJson;com.google.gson.Gson.toJson;com.google.gson.Gson.toJson;com.google.gson.internal.bind.ReflectiveTypeAdapterFactory$Adapter.write,0.3534
java.lang.Thread.run;java.util.concurrent.ThreadPoolExecutor$Worker.run;java.util.concurrent.ThreadPoolExecutor.runWorker;java.util.concurrent.FutureTask.run;java.util.concurrent.Executors$RunnableAdapter.call;java.util.concurrent.FutureTask.run;org.openjdk.jmh.runner.BenchmarkHandler$BenchmarkTask.call;org.openjdk.jmh.runner.BenchmarkHandler$BenchmarkTask.call;java.lang.reflect.Method.invoke;jdk.internal.reflect.DelegatingMethodAccessorImpl.invoke;jdk.internal.reflect.NativeMethodAccessorImpl.invoke;jdk.internal.reflect.NativeMethodAccessorImpl.invoke0;com.tfg.jsonbench.gson.jmh_generated.GsonBenchmark_serializar_jmhTest.serializar_AverageTime;com.tfg.jsonbench.gson.jmh_generated.GsonBenchmark_serializar_jmhTest.serializar_avgt_jmhStub;com.tfg.jsonbench.gson.GsonBenchmark.serializar;com.google.gson.Gson.toJson;com.google.gson.Gson.toJson;com.google.gson.Gson.toJson;com.google.gson.Gson.toJson;com.google.gson.internal.bind.ReflectiveTypeAdapterFactory$Adapter.write;com.google.gson.internal.bind.ReflectiveTypeAdapterFactory$2.write;com.google.gson.internal.bind.TypeAdapterRuntimeTypeWrapper.write;com.google.gson.internal.bind.CollectionTypeAdapterFactory$Adapter.write;com.google.gson.internal.bind.CollectionTypeAdapterFactory$Adapter.write,0.4805
java.lang.Thread.run;java.util.concurrent.ThreadPoolExecutor$Worker.run;java.util.concurrent.ThreadPoolExecutor.runWorker;java.util.concurrent.FutureTask.run;java.util.concurrent.Executors$RunnableAdapter.call;java.util.concurrent.FutureTask.run;org.openjdk.jmh.runner.BenchmarkHandler$BenchmarkTask.call;org.openjdk.jmh.runner.BenchmarkHandler$BenchmarkTask.call;java.lang.reflect.Method.invoke;jdk.internal.reflect.DelegatingMethodAccessorImpl.invoke;jdk.internal.reflect.NativeMethodAccessorImpl.invoke;jdk.internal.reflect.NativeMethodAccessorImpl.invoke0;com.tfg.jsonbench.gson.jmh_generated.GsonBenchmark_serializar_jmhTest.serializar_AverageTime;com.tfg.jsonbench.gson.jmh_generated.GsonBenchmark_serializar_jmhTest._jmh_tryInit_f_gsonbenchmark0_0;com.tfg.jsonbench.gson.GsonBenchmark.preparar;com.google.gson.Gson.<init>;java.lang.ClassLoader.loadClass;jdk.internal.loader.ClassLoaders$AppClassLoader.loadClass;jdk.internal.loader.BuiltinClassLoader.loadClass;jdk.internal.loader.BuiltinClassLoader.loadClassOrNull;jdk.internal.loader.BuiltinClassLoader.findClassOnClassPathOrNull;jdk.internal.loader.URLClassPath.getResource;jdk.internal.loader.URLClassPath$JarLoader.getResource;java.util.jar.JarFile.getJarEntry;java.util.jar.JarFile.getEntry;java.util.zip.ZipFile.getEntry,0.4805
